44,69,91,107,123,142,163,191,242.1,0.0000187,0.00004258,0.00006618,0.00010084,0.00014246,0.00021936,0.00030452,0.00036761,0.00047432,0,17.617,25.426,27.397,29.325,31.252,35.459,42.978,53.14,0
17,33,47,64,86,104.1,125,147,182,0.0000432,0.00008445,0.00011707,0.00015762,0.00018719,0.00023018,0.00032889,0.00048637,0.000666,7.6606,25.409,29.339,33.01,35.022,37.048,37.426,41.021,45.623,0
87,108,123,135,147,159,171,186,212,0.0000417,0.00006944,0.00008918,0.00012631,0.00016329,0.00020857,0.0002778,0.00033829,0.00049176,11.771,23.748,27.16,30.865,31.269,33.203,35.156,37.109,39.073,0
62,85,104,119,133,148,163,184,218,0.0000238,0.00004402,0.00007437,0.00010786,0.00013447,0.0001816,0.00023214,0.00031519,0.00043492,11.802,21.914,31.055,32.844,34.783,36.722,38.68,40.625,42.578,0
60,80,95,109,122,136,149,167,194,0.0000305,0.00006575,0.00009720,0.00014685,0.00020074,0.00025389,0.00036853,0.00044569,0.00064606,2.899,27.347,31.129,32.958,35.033,37.293,41.04,50.918,64.571,0
8,22,37,49,63,77,97,121,162,0.0000256,0.00005898,0.00010321,0.00014425,0.00018392,0.00022295,0.00028639,0.00035838,0.0006417,4.6304,31.888,35.222,37.094,37.786,43.836,50.872,60.724,74.416,0
126,139,147,154,162,169,177,186,201,0.0000380,0.00008153,0.00011399,0.00014807,0.00019402,0.00025319,0.00031514,0.00043233,0.00062633,4.2195,42.949,52.761,60.236,66.415,72.205,77.835,98.09,107.2,0
16,37,98,125,146,163,183,207,251,0.0001053,0.00016758,0.00029125,0.00038412,0.00050378,0.00066874,0.00094504,0.0017344,0.0042823,2.9569,52.748,74.254,92.798,107.55,116.05,128.8,152.86,177.86,0
92,113,127,139,151,161,174,187,207,0.0000376,0.00006515,0.00009019,0.00012087,0.00015141,0.00018327,0.00026959,0.00043449,0.00062728,16.072,28.26,30.865,32.816,33.288,35.159,39.091,41.058,45.089,0
48,90,112,126,138,152,166,180,206,0.0000202,0.00004162,0.00007588,0.00011888,0.00017053,0.00022474,0.00027037,0.00033941,0.00051943,13.505,25.397,30.863,33.009,34.964,36.917,38.916,42.592,44.547,0
73,95,109,123,137,147,161,177,199,0.0000156,0.00003415,0.00004981,7.27E-05,0.00010815,0.0001435,0.00019905,0.00036461,0.00052767,12.161,26.979,29.268,31.199,33.276,35.985,39.004,42.974,48.844,0
3,18,28,40,55,79,111,162,235,0.0000226,0.00004592,0.00008105,0.00012123,0.00016274,0.00019847,0.00022603,0.00031271,0.00039932,5.8767,24.843,32.864,36.784,39.085,42.804,44.892,47.186,58.774,0
98,110,120,128,135,142,150,162,179,0.0000386,0.00008602,0.00012816,0.00015596,0.00019369,0.00023015,0.00029929,0.00039507,0.00067666,2.7357,36.885,42.85,50.457,58.414,62.126,64.356,66.352,70.152,0
2,12,19,26,37,47,65,100,177,0.0000351,0.00007085,0.00009982,0.00013873,0.00018584,0.00024487,0.00031084,0.00049119,0.00077972,0,11.725,17.578,23.438,25.555,29.319,46.277,52.651,55.17,0
82,100,115,127,137,148,159,173,191,0.0000135,0.00003146,0.00005574,9.80E-05,0.00014041,0.00019484,0.00028626,0.0004539,0.00076962,21.489,31.261,34.767,36.757,38.873,40.637,42.973,48.842,54.709,0
5,20,30,43,54,69,90,112,142,0.0000303,0.00006452,0.00008640,0.0001164,0.0001505,0.00021946,0.00030873,0.0003922,0.00056799,2.7344,38.672,42.775,44.744,50.628,56.47,60.157,64.063,67.276,0
72,91,106,118,130,140,154,167,189,0.0000320,0.00007952,0.00010751,0.00014263,0.00019437,0.00025,0.00032642,0.00061757,0.0015912,9.7836,31.002,36.738,38.715,40.641,40.925,43.174,52.4,64.063,0
14,28,40,57,75,94,113,136,167,0.0000376,0.00007567,0.00009824,0.00012888,0.00017301,0.00022016,0.00031028,0.00042133,0.00060064,7.4219,15.235,29.466,40.821,44.924,48.848,52.773,58.671,99.512,0
69.6,89,106,119,130,143,156,173,201,0.0000384,0.00005999,0.00008887,0.00012398,0.00015483,0.00022083,0.00030144,0.00038607,0.00053792,5.8692,25.684,36.942,40.625,41.063,44.809,46.885,50.794,53.878,0
6,17,26,34,45,61,80,106,149.2,0.0000226,0.00005407,0.00008424,0.00012109,0.00016538,0.00021346,0.00031324,0.00047722,0.00072805,5.4688,11.874,29.302,41.974,46.955,54.704,60.631,66.649,85.898,0
63,83,96,109,122,133,145,158,176,0.0000306,0.00006341,0.00008957,0.0001167,0.00014115,0.00018606,0.00025327,0.00035423,0.00060727,4.1993,21.687,34.768,36.72,38.672,42.584,52.415,58.221,79.706,0
18,36,53,70,85,100,115,132,156,0.0000284,0.00005101,0.00009167,0.00012762,0.00017481,0.000226,0.00028408,0.00038317,0.00056681,2.7382,23.734,34.818,39.065,42.582,48.732,56.34,60.795,75.977,0
33,53,69,83,96,108,123,142,164,0.0000192,0.00004063,0.00006596,9.34E-05,0.00013137,0.00018844,0.00029557,0.00044496,0.00088459,2.7382,47.187,52.913,60.682,68.398,70.978,74.112,76.588,82.592,0
0,9,23,31,42,52,66,85,120,0.0000395,0.00008079,0.00011209,0.00015781,0.00020475,0.00025318,0.00032171,0.00046462,0.0010337,2.5391,37.526,47.919,60.412,69.99,75.715,84.737,107.46,154.53,0
120,129,137,144,150,156,162,169,181,0.0000279,0.00005934,0.00009168,0.00010963,0.00014263,0.00017504,0.00021589,0.00029597,0.00044217,7.7977,31.098,35.178,40.846,45.022,48.471,52.357,56.478,66.392,0
64,112,128,139,147,156,163,174,194,0.0000433,0.00007680,0.00011839,0.00015632,0.00018181,0.00021446,0.00026709,0.00037036,0.00049737,13.281,19.729,31.094,37.349,41.216,46.702,50.427,52.566,56.628,0
68,89,103,117,129,143,155,170,194,0.0000306,0.00005081,0.00008018,0.00010334,0.00012822,0.00017334,0.00022866,0.00032635,0.00044396,5.9042,21.62,33.211,39.182,42.88,44.986,48.785,49.342,50.855,0
5,21,32,46,59,73,92,113,142,0.0000282,0.00004962,0.00008167,0.00011713,0.00016452,0.00020391,0.0002453,0.00035178,0.0010016,3.3209,25.25,27.432,31.091,33.945,44.78,52.761,58.594,64.703,0
52,75,94,111,125,141,158,179,207,0.0000353,0.00006270,0.00009040,0.00012062,0.00018398,0.00023907,0.00031415,0.00038544,0.00045423,0,19.57,36.929,39.16,42.79,44.73,46.68,49.346,62.504,0
0,13,23,34,44,57,70,90,129,0.0000217,0.00003538,0.00005740,9.26E-05,0.0001367,0.00017276,0.0002321,0.00032871,0.00046907,2.7344,21.566,42.983,44.891,47.323,50.798,54.501,56.676,60.589,0
72,93,107,119,131,142,154,170,194,0.0000295,0.00005013,0.00008702,0.0001242,0.00018255,0.00024075,0.00032263,0.0004955,0.00088336,17.726,31.561,36.724,42.974,47.204,50.593,54.304,60.186,66.019,0
0,8,25,39,57,74,102,140,200,0.0000308,0.00005559,0.00008915,0.00012069,0.00015617,0.00021742,0.0003008,0.00054147,0.00084784,4.1992,46.489,48.554,50.413,52.346,54.344,76.453,96.12,117.4,0
34,58,76,92,107,123,139,160,193,0.0000327,0.00006469,0.00010059,0.00014101,0.00017771,0.00022861,0.00033987,0.00061929,0.00087585,2.7347,42.882,44.931,50.833,60.48,66.034,70.12,73.832,76.311,0
0,9.8,26,41,59,78,96,119,152,0.0000285,0.00005890,0.00008463,0.00012268,0.0001793,0.00023072,0.00032952,0.00047018,0.00080497,0.88276,41.284,48.906,52.659,54.788,60.167,64.346,68.126,72.293,0
62,83,99,112,122,134,147,163,184,0.0000344,0.00006119,0.00009336,0.00011425,0.00014522,0.00018668,0.00023985,0.00032097,0.00044195,2.7382,19.381,31.192,34.767,35.126,37.156,41.044,46.897,50.91,0
9,23,31,43,56,70,88,114,159,0.0000312,0.00005264,0.00008520,0.000118,0.00015725,0.00021101,0.00028817,0.00040194,0.00057868,8.5247,27.542,35.247,37.236,39.105,41.06,48.937,56.747,60.77,0
73,93,110,123,134,145,157,172,190,0.0000231,0.00006371,0.00010375,0.00013384,0.00017564,0.00023477,0.0003435,0.00052399,0.00080676,13.737,33.22,39.394,46.684,52.808,56.792,60.778,64.463,68.394,0
10,20,25,31,39,48,65,90,132,0.0000502,0.00010860,0.00015631,0.00020205,0.00024775,0.00030086,0.00037159,0.00047187,0.00059133,7.679,31.251,44.534,48.481,54.523,56.648,61.898,66.577,70.276,0
50,75,92,109,122,139,157,177,206,0.0000203,0.00003759,0.00005796,8.96E-05,0.00012761,0.00016275,0.00020211,0.00024366,0.00034109,2.7344,19.539,35.292,37.121,38.709,39.272,54.302,56.489,58.71,0
19,38,57,74,90,106,125,149,184,0.0000336,0.00005659,0.00007177,9.70E-05,0.00012164,0.00014404,0.00017631,0.00027947,0.0004655,2.7346,23.164,36.72,38.676,38.933,40.634,42.585,46.512,48.699,0
61,81,96,110,122,135,147,161,182,0.0000219,0.00004092,0.00006241,8.69E-05,0.00011939,0.00014962,0.00019979,0.00026779,0.00036968,2.7344,17.718,34.801,37.004,39.045,41.159,48.86,56.663,60.577,0
5,19,27,35,45,55,69,93,131,0.0000269,0.00005699,0.00008957,0.00012179,0.00016176,0.00022023,0.00029959,0.00045384,0.00071635,4.1853,37.478,44.941,49.281,54.688,56.679,58.594,60.482,62.726,0
78,98,113,127,138,149,162,176,198,0.0000244,0.00005194,0.00008137,0.00012119,0.00016224,0.00019923,0.00025337,0.00034514,0.00085003,19.457,25.819,32.84,34.78,35.435,37.025,38.679,40.639,42.832,0
11,29,47,64,79,100,123,148,183,0.0000165,0.00003747,0.00007894,0.00012665,0.00015909,0.00021404,0.0002756,0.00042949,0.00067387,4.4605,27.851,38.936,42.656,42.988,44.945,50.715,52.736,55.635,0
78,100,115,126,137,150,161,176,196,0.0000287,0.00005226,0.00008514,0.00012487,0.00017144,0.00023905,0.0003324,0.00046703,0.00078143,23.846,35.046,37.146,41.019,42.617,44.549,46.486,48.846,52.823,0
13,26,37,52,70,90,111,131,158,0.0000381,0.00007387,0.00010422,0.00013669,0.00017549,0.00023699,0.00031918,0.00048676,0.00079473,15.243,39.065,41.508,44.597,46.525,48.451,50.398,52.577,60.585,0
74,92,106,118,128,141,153,166,185,0.0000359,0.00006610,0.00010946,0.00016247,0.00021744,0.00027498,0.0003491,0.00047521,0.00069589,15.966,33.531,37.11,39.079,41.018,43.031,46.96,54.719,64.455,0
11,22,30,39,51,64,83,106,141,0.0000313,0.00006416,0.00008745,0.0001116,0.00014278,0.00020413,0.00026931,0.00044229,0.00096059,2.7413,41.911,45.058,46.94,48.918,52.817,54.787,58.576,70.152,0
56,81,98,116,130,145,163,183,207,0.0000374,0.00006097,0.00008723,0.00011632,0.00014707,0.0001816,0.0002293,0.00028658,0.00047594,3.086,21.912,34.855,37.204,39.125,41.043,42.638,45.991,56.893,0
12,34,50,66,80,96,113,134,172,0.0000295,0.00004372,0.00006666,9.47E-05,0.00012422,0.00016291,0.00023299,0.0003336,0.0004969,0,29.421,38.717,40.649,40.894,42.871,48.498,50.653,54.671,0
75,96,109,123,134,145,158,172,190,0.0000364,0.00007567,0.00010851,0.0001568,0.00020771,0.00025893,0.00032824,0.00039977,0.00057561,7.8169,19.575,29.865,36.016,37.124,39.088,41.029,43.403,52.172,0
16,29,39,53,72,93,112,131,154,0.0000325,0.00006108,0.00008307,0.00010339,0.00013366,0.00016277,0.00018515,0.00024882,0.00046023,7.4234,17.284,26.001,32.816,34.778,38.877,42.773,44.732,56.258,0
65,84,101,115,129,143,159,178,209,0.0000203,0.00003655,0.00005807,9.65E-05,0.00014357,0.00020701,0.00028376,0.00037932,0.00052966,11.739,17.231,19.804,21.496,25.195,27.233,33.008,36.914,38.869,0
11.2,23,33,42,57,76,98,123,166,0.0000210,0.00003927,0.00006413,8.64E-05,0.00010435,0.00015587,0.00019741,0.00025779,0.00035514,4.1998,18.494,31.273,40.846,44.577,46.661,50.797,56.764,62.572,0
53,71,85,96,109,120,132,145,165,0.0000292,0.00006733,0.00011021,0.00014793,0.00018174,0.00024212,0.00031419,0.00040664,0.00059966,4.0956,32.816,38.676,41.517,46.519,50.396,53.71,58.644,67.974,0
24,41,64,84,101,116,131,148,170,0.0000308,0.00006756,0.00009043,0.00012942,0.00018144,0.00024344,0.00032186,0.00044014,0.00061324,11.719,33.008,36.933,39.186,44.926,50.6,54.512,58.436,66.054,0
76,98,114,127,140,151,163,178,200,0.0000360,0.00006005,0.00009729,0.00013231,0.00016266,0.00020944,0.00028035,0.00046796,0.00076766,10.241,26.181,33.014,35.029,37.092,38.933,40.892,44.727,50.866,0
23,40,65,90,112,129,147,165,190,0.0000252,0.00005502,0.00008448,0.00010951,0.00013668,0.00018062,0.00028166,0.00043533,0.00066577,7.6527,27.441,32.862,36.985,39.063,41.126,46.691,50.823,54.76,0
58,78,93,107.4,120,133,147,162,183,0.0000374,0.00006957,0.00010287,0.00014635,0.00018942,0.00024123,0.00030942,0.00046121,0.00059481,5.5136,29.534,38.872,42.795,46.686,50.421,52.559,54.588,56.641,0
7,20,33,44,57,72,92,123,162,0.0000276,0.00004657,0.00008259,0.00012274,0.00016194,0.00020183,0.00025195,0.00032096,0.00043137,2.7347,27.87,44.899,52.617,56.969,60.572,66.516,70.032,74.468,0
115,122,130,135,141,145,150,158,171,0.0000253,0.00005035,0.00007135,0.00010558,0.00013288,0.00017265,0.00021311,0.00027383,0.00034929,2.9338,31.181,36.931,40.644,42.597,44.729,46.543,50.682,62.523,0
17,23,31,47,85,101,115,131,153,0.0000223,0.00005389,0.00008251,0.00010508,0.00012946,0.00016554,0.00022182,0.00028563,0.00038811,2.7344,29.636,38.875,42.784,44.95,48.444,50.595,52.653,60.496,0
56,76,90,102,114,127,139,155,175,0.0000198,0.00003530,0.00007271,0.00010522,0.00014578,0.00018841,0.00023708,0.0002922,0.00041232,2.5394,13.692,26.962,32.824,40.632,44.765,72.348,86.252,105.65,0
9,22,34,45,58,72,91,114,162,0.0000259,0.00004196,0.00006345,8.68E-05,0.00011647,0.00015228,0.00020932,0.00033066,0.00073149,19.531,29.151,39.795,47.292,56.418,60.593,72.447,74.524,84.031,0
7,31,52,69,90,111,132,160,199,0.0000228,0.00004530,0.00006562,9.90E-05,0.00016558,0.00022805,0.00027166,0.00034821,0.00057913,2.7344,7.8146,25.395,34.636,39.018,46.576,52.714,60.682,69.21,0
13,25,34,45,64,87,108.2,136,177,0.0000338,0.00005254,0.00007733,0.00012088,0.00017124,0.00021746,0.00027743,0.00036259,0.00047464,7.8125,17.8,27.406,33.203,35.131,37.409,46.944,52.587,54.654,0
51,70,86,98,109,121,133,149,172,0.0000213,0.00004114,0.00006487,9.56E-05,0.00014354,0.00019648,0.00028434,0.00035916,0.00049888,4.1994,25.45,37.034,39.115,41.139,44.841,54.59,58.749,64.532,0
20,38,59,80.7,102,123,141,166,207,0.0000226,0.00005674,0.00008503,0.00010237,0.0001405,0.00018043,0.00023256,0.00030357,0.00043843,5.8288,9.3806,17.191,23.396,29.248,31.253,35.237,41.114,46.79,0
56,77,92,105,116,127,140,155,175,0.0000223,0.00004844,0.00008030,0.00011292,0.00014603,0.00020009,0.00025547,0.00034239,0.00056346,2.7412,33.854,37.053,38.722,39.111,41.051,45.152,50.781,56.588,0
13,26,35,46,60,79,104,136,187,0.0000370,0.00007434,0.00009292,0.00012713,0.00017573,0.0002359,0.00031521,0.00042336,0.0006263,6.6614,35.156,37.153,42.617,46.786,49.479,53.031,58.607,68.517,0
48,68,84,97,110,123,139,156,182,0.0000251,0.00005024,0.00007119,0.00011039,0.00013622,0.00018868,0.00026806,0.00035782,0.00045788,2.7344,15.281,28.911,32.841,34.81,36.957,42.797,50.781,58.538,0
10,23,34,47,57,73,94,124,176,0.0000313,0.00006731,0.00010681,0.00014586,0.000198,0.00024935,0.00034489,0.00045947,0.00069117,4.2003,33.184,35.2,37.101,39.134,44.011,68.925,106.02,138.53,0
45,67,83,95,109,123,137,153,177,0.0000255,0.00004899,0.00007734,0.00010543,0.00014606,0.00017392,0.00022154,0.00031379,0.00048609,2.7412,25.447,35.044,36.992,38.953,41.066,50.912,60.953,76.389,0
12,25,37,50,63,81,100,125,163,0.0000503,0.00009233,0.00012646,0.00016642,0.00020519,0.00028518,0.00037713,0.00048287,0.00072679,2.7739,29.314,36.92,39.811,42.851,49.789,52.8,58.877,70.17,0
48,70,85,98,113,126,139,157,181,0.0000160,0.00003325,0.00006594,0.00011319,0.00014986,0.00018991,0.00025467,0.00033221,0.00045803,2.899,25.425,33.237,37.112,40,41.916,44.382,46.767,52.688,0
10,22,33,42,55,73,94,122,166,0.0000256,0.00004773,0.00007576,0.00011281,0.00016787,0.00022657,0.00028996,0.0003654,0.00045365,9.7752,25.393,33.205,36.738,38.935,42.277,44.966,49.112,56.674,0
60,81,96,110,123,135,148,163,188,0.0000335,0.00007979,0.00011713,0.00014146,0.00017694,0.0002358,0.00030448,0.00046329,0.00065356,4.2025,33.078,36.999,38.951,40.894,41.407,45.269,52.734,56.692,0
4,19,34,47,62,82,104,129,164,0.0000352,0.00006632,0.00009622,0.00013278,0.00018717,0.00024554,0.00036507,0.00048111,0.0007183,2.899,36.491,42.601,44.562,46.565,48.767,50.91,53.378,60.571,0
74,95,108,120,130,142,152,165,186,0.0000321,0.00007614,0.00010589,0.00013853,0.00017087,0.00020558,0.0002519,0.00038251,0.00081511,7.8126,31.351,36.758,37.134,39.063,40.65,42.794,44.883,48.857,0
23,42,68,91,108,122,137,154,177,0.0000357,0.00006571,0.00008883,0.00013287,0.0001734,0.00022072,0.000298,0.0003722,0.0006179,6.0254,33.914,36.918,40.626,42.614,46.484,48.439,50.7,54.492,0
46,68,86,98,113,127,142,159,184,0.0000427,0.00008257,0.00011795,0.00016705,0.00021263,0.00025385,0.00033221,0.00044881,0.00064692,2.7344,30.83,68.201,72.102,74.83,76.478,79.661,91.892,107.57,0
4,16,26,34,42,52,68,94,137,0.0000449,0.00008196,0.00010480,0.00014361,0.00018944,0.00023698,0.00028216,0.00035035,0.00052207,2.7347,25.369,46.543,49.482,50.872,54.494,56.756,62.436,66.418,0
32,52,68,81,95.5,110,128,148,176,0.0000238,0.00004880,0.00008062,0.00011858,0.00014395,0.00016615,0.00022193,0.00029837,0.00043955,2.7347,21.158,36.737,38.679,39.173,42.606,50.809,56.74,72.258,0
7,20,30,39,52,69,93,125,170,0.0000223,0.00004380,0.00007389,0.00011017,0.00016009,0.0002214,0.0002916,0.00038684,0.00050855,4.2018,23.312,37.983,42.922,45.26,48.478,50.734,54.616,64.526,0
71,91,106,119,131,143,158,173,195,0.0000173,0.00004317,0.00007197,9.88E-05,0.00011818,0.00015702,0.0002183,0.00030825,0.00043593,5.8611,17.554,27.616,30.865,32.817,34.77,36.732,39.073,43.914,0
18,35,53,73,89,105,121,140,163,0.0000309,0.00006289,0.00008681,0.00012351,0.00016242,0.00019919,0.00023194,0.00029363,0.00041977,4.2023,17.745,32.828,35.019,38.696,40.822,42.719,44.883,48.712,0
65,84,99,110,121,132,143,158,177,0.0000225,0.00005304,0.00010161,0.00014789,0.00017562,0.00021893,0.00028179,0.00038358,0.00049975,9.7947,22.689,29.459,38.802,42.905,46.825,52.783,56.782,64.721,0
12,25,35,45,57,70,88,112,152,0.0000295,0.00005785,0.00009300,0.00011391,0.0001436,0.00018353,0.00025337,0.00031693,0.00045561,4.008,21.433,37.002,40.63,43.107,53.917,60.554,62.741,72.349,0
58,79,94,107,120,133,148,163,186,0.0000149,0.00003952,0.00006756,0.00011139,0.00014226,0.00019095,0.00025727,0.00033569,0.00048603,4.1068,26.958,33.022,36.719,38.703,40.822,42.795,46.525,50.409,0
6,22,34,43,55,66,80,101,129,0.0000243,0.00004117,0.00007290,0.00010507,0.00014294,0.00020246,0.00027828,0.00039056,0.00049661,2.7347,30.932,44.531,44.767,46.686,48.445,52.356,56.312,58.563,0
69,85,100,112,124,135,146,161,180,0.0000326,0.00006161,0.00009141,0.00012765,0.00017479,0.00023231,0.00027424,0.00033651,0.00048788,5.8654,21.267,33.01,35.787,38.48,40.654,42.975,45.125,52.791,0
15,27,39,56,79,105,126,145,165,0.0000210,0.00005065,0.00007638,0.00011094,0.0001599,0.00020897,0.00027202,0.00034584,0.00046467,4.1995,19.86,33.278,36.914,39.121,42.584,44.534,46.757,52.868,0
48,68,84,99,111,124,139,155,177,0.0000281,0.00007566,0.00010999,0.00015102,0.00020223,0.0002978,0.00046241,0.0006703,0.00090396,2.7382,37.417,64.12,68.361,76.173,80.198,85.547,89.976,95.711,0
0,10,18,24,33,39,48,56,73,0.0000389,0.00008128,0.00013982,0.00019682,0.00025104,0.00032346,0.0004386,0.00063563,0.0011443,2.7344,5.8598,23.426,53.09,62.389,66.839,85.7,111.17,117.24,0
94,102,111,117,124,128,134,141,151,0.0000251,0.00004734,0.00006699,9.39E-05,0.0001279,0.00016974,0.0002205,0.00028969,0.00038575,2.7344,21.365,31.125,36.747,39.063,41.019,43.125,46.881,52.749,0
11,17,21,27,37,55,72,92,122,0.0000199,0.00003737,0.00006117,8.70E-05,0.00011711,0.0001535,0.00020882,0.00029939,0.00047156,5.5143,32.626,36.988,40.697,42.969,44.924,46.878,50.619,58.275,0
78,98,115.1,129,142,155,172,194,231,0.0000249,0.00005115,0.00006893,9.32E-05,0.00011278,0.00013074,0.00016021,0.00022455,0.0004023,5.861,15.625,21.361,25.399,27.493,31.145,32.969,35.157,41.026,0
13,26,35,48,63,80,101,123,147,0.0000239,0.00005979,0.00009417,0.00012928,0.00016971,0.00023974,0.00031444,0.00046742,0.000757,6.5975,27.33,31.084,35.191,38.981,42.773,46.681,52.36,58.213,0
58,78,96,108,122,134,148,165,191,0.0000305,0.00004817,0.00008174,0.00012118,0.00015404,0.00018254,0.00024606,0.00031779,0.00042057,2.7347,23.549,36.914,39.046,42.603,44.536,48.68,52.674,60.381,0
21,36,59,84,105,122,139,160,184,0.0000205,0.00004382,0.00008178,0.00012047,0.00014875,0.00019528,0.00025352,0.00034823,0.00054167,9.5815,23.621,35.163,38.874,41.018,43.129,46.485,48.636,50.617,0
60,85,103,118,132,147,163,178,203,0.0000401,0.00007860,0.00009638,0.00011871,0.00014461,0.0001784,0.00021721,0.00028315,0.00042922,5.8603,19.543,31.362,37.233,42.981,44.931,46.876,50.783,58.451,0
11,24,34,43,53,66,85,112,156,0.0000333,0.00006314,0.00010109,0.00012934,0.00015555,0.00019804,0.00026828,0.00038856,0.00049637,11.734,25.41,43.208,52.646,58.54,60.695,62.732,64.901,76.249,0
63,80,96,107,117,128,140,154,174,0.0000271,0.00005523,0.00007026,8.61E-05,0.00012245,0.00017593,0.00025975,0.00048242,0.00084646,7.8258,28.911,32.813,34.766,36.738,38.701,41.019,46.499,54.299,0
29,53,74,91,107,124,141,162,190,0.0000277,0.00006074,0.00009503,0.0001312,0.00016948,0.0002197,0.0002769,0.00039516,0.00055693,5.5734,35.01,40.025,42.594,46.487,50.391,52.387,56.493,66.382,0
36,55,68,81,94,109,122,140,164,0.0000276,0.00004313,0.00006402,8.20E-05,0.00010007,0.00013648,0.00019034,0.00030224,0.00044027,3.519,17.407,31.257,33.203,35.176,39.063,42.611,44.601,45.21,0
2,14,22,30,40,50,64,84,112,0.0000297,0.00005576,0.00007372,9.92E-05,0.00013946,0.00018133,0.00024469,0.00034609,0.00044319,2.899,21.554,31.266,35.157,37.111,39.029,41.016,42.97,46.738,0
86,105,119,133,143,155,167,183,203,0.0000351,0.00006757,0.00008763,0.00012411,0.00016415,0.00021428,0.0002651,0.0003591,0.00060346,14.965,28.089,33.011,34.774,36.786,38.922,40.879,45.067,50.622,0
16,32,47,67,86,104,123,145,174,0.0000243,0.00006174,0.00009987,0.0001377,0.00019253,0.00025563,0.00033892,0.00045198,0.00059824,2.7412,29.437,40.627,41.868,42.971,44.751,46.808,49.653,62.346,0
71,93,108,122,136,148,161,177,199,0.0000255,0.00005394,0.00008224,0.0001086,0.00014104,0.00017732,0.0002415,0.000336,0.00049737,7.8141,15.883,27.875,31.278,33.27,35.29,44.772,52.884,60.634,0
1,17,28,41,51,64,83,111,164,0.0000292,0.00006497,0.00009035,0.00012665,0.00015846,0.00019606,0.0002462,0.00032482,0.0004358,2.848,34.229,41.46,44.934,48.459,53.159,68.249,86.399,106.27,0
57,76,93,106,119,134,146,163,186,0.0000299,0.00005260,0.00008458,0.00011832,0.00015405,0.00020688,0.0002576,0.00037939,0.0005396,5.8609,22.981,35.169,37.164,45.017,48.829,50.977,54.755,68.41,0
1,24,44,69,92,113,131,154,184,0.0000283,0.00005680,0.00009430,0.00014139,0.00018099,0.00025357,0.00034087,0.00043258,0.00060195,7.8151,13.723,38.22,50.405,54.521,58.633,64.064,68.167,74.03,0
34,55,70,84,98,112,127,146,172,0.0000173,0.00004987,0.00008625,0.00010579,0.00013662,0.00018023,0.00025388,0.00038594,0.00057129,2.9669,33.271,46.484,48.438,50.408,52.582,62.44,70.265,76.216,0
3,15,25,35,46,62,88,123,176,0.0000651,0.00011527,0.00016497,0.00020948,0.00025036,0.00030664,0.00038429,0.00052873,0.0013831,5.8594,19.566,39.272,48.66,55.231,66.368,72.303,79.978,91.661,0
61,82,98,111,125,138,153,174,199,0.0000640,0.00010989,0.00015811,0.00021297,0.00028599,0.0003693,0.00048046,0.0006088,0.00083554,4.2013,37.059,42.587,44.54,47.106,52.54,56.254,58.429,63.313,0
11,22,32,43,54,70,92,120,153,0.0000275,0.00006072,0.00010217,0.00013396,0.00017666,0.00022865,0.00032931,0.00049459,0.0007291,9.8048,31.662,41.002,46.96,54.654,58.51,60.741,64.639,70.462,0
64,83,96,110,121,133,146,160,181,0.0000256,0.00005021,0.00006752,9.85E-05,0.00011889,0.00015113,0.00019571,0.000248,0.00039546,4.1994,17.578,34.968,38.706,40.917,42.877,44.87,51.172,60.635,0
2,15,24,35,44,57,75,96,129,0.0000304,0.00005919,0.00007779,0.00011244,0.00015166,0.00017989,0.00022799,0.00029871,0.00043908,4.1992,19.157,27.355,42.744,52.744,57.01,60.379,66.018,78.127,0
46,66,84,98,111,125,140,161,185,0.0000256,0.00006841,0.00009220,0.00013729,0.00019801,0.00025189,0.00032367,0.00040508,0.00050035,2.7382,32.151,39.096,41.005,42.987,47.196,56.895,60.792,70.386,0
2,17,26,36,45,55,68,87,134,0.0000353,0.00007953,0.00012257,0.00018325,0.00024831,0.00029976,0.00038271,0.00059316,0.00092675,2.6887,39.167,49.069,58.514,64.367,74.457,82.251,111.83,134.7,0
71,92,106,118,130,142,153,166,186,0.0000395,0.00006647,0.00008811,0.00013014,0.00017375,0.00022198,0.000287,0.00040173,0.00079228,13.868,31.243,34.929,37.095,40.893,45.123,58.728,70.833,82.3,0
8,22,32,42,54,68,87,117,176,0.0000427,0.00008828,0.00011911,0.0001488,0.00018291,0.00024914,0.00030807,0.00037074,0.0004676,7.8169,23.487,29.754,38.705,41.107,45.056,48.776,56.842,80.289,0
60,83,99,114,128,142,159,181,220,0.0000232,0.00004344,0.00008028,0.00011757,0.00014363,0.00017022,0.00020951,0.00027623,0.00040534,2.7344,13.61,30.877,33.139,37.136,40.84,42.99,48.836,58.599,0
7,19,27,37,49,67,91,121,171,0.0000195,0.00004175,0.00007538,0.00012327,0.00016286,0.00021835,0.00027476,0.00037098,0.00052968,12.217,23.446,34.86,37.227,40.658,44.965,51.396,54.963,60.744,0
106,117,124,131,136,143,148,155,164,0.0000189,0.00004891,0.00008224,0.00013233,0.00019548,0.00026918,0.00034084,0.00044272,0.00057073,4.1992,22.197,31.051,36.741,41.071,46.27,50.862,56.309,60.567,0
17,26,34,50,86,106,121,138,158,0.0000252,0.00005944,0.00009165,0.00013291,0.00018071,0.00022832,0.0002922,0.00040799,0.00059973,13.809,26.438,31.706,35.268,39.339,46.899,53.026,58.604,64.316,0
120,129,136,141,147,152,159,167,179,0.0000328,0.00005560,0.00009545,0.00014599,0.00020858,0.00031579,0.00042429,0.00054114,0.0006923,13.34,27.775,33.243,37.165,42.903,46.68,48.648,52.598,64.106,0
24,46,105.6,126,138,150,160,174,201,0.0000434,0.00007009,0.00009834,0.00013222,0.00017739,0.00023494,0.00030432,0.00043493,0.00059603,9.3859,19.474,28.933,34.773,39.061,42.594,44.873,48.46,50.645,0
69,91,107,121,132,146,158,174,195,0.0000254,0.00005508,0.00009355,0.0001266,0.00016584,0.00020745,0.00026003,0.00031905,0.00041281,4.2255,19.711,35.2,38.776,42.272,45.852,49.02,52.549,58.584,0
81,104,116,129,141,153,164,178,195,0.0000273,0.00005534,0.00008750,0.00012595,0.00016465,0.00020861,0.00026831,0.00033494,0.0004475,10.095,18.045,32.828,35.035,38.768,44.533,46.512,50.447,56.266,0
206,233,255,255,255,255,255,255,255,0.0000133,0.00002400,0.00003726,6.53E-05,0.00010144,0.00012738,0.00016497,0.00023875,0.00046612,11.782,13.718,17.232,19.45,21.527,25.435,27.374,31.22,40.945,1
255,255,255,255,255,255,255,255,255,0.0000185,0.00003702,0.00005835,6.94E-05,8.51E-05,0.00010581,0.0001312,0.00017168,0.00031571,11.341,15.253,19.234,21.155,23.085,26.984,28.962,30.963,32.863,1
0,0,0,0,0,0,0,0,0,0.0000089,0.00001809,0.00003406,5.95E-05,9.50E-05,0.00013161,0.00023654,0.00042695,0.00064226,13.298,15.258,15.941,19.161,21.363,23.509,26.984,29.333,31.36,1
0,0,0,0,0,0,0,0,0,0.0000071,0.00001718,0.00003293,5.73E-05,9.08E-05,0.00013558,0.00019283,0.0002953,0.0005875,13.772,17.198,19.634,23.074,25.253,29.272,34.803,38.829,43.48,1
0,0,0,0,0,0,0,0,0,0.0000082,0.00002085,0.00004225,6.47E-05,9.41E-05,0.00012262,0.00026427,0.00050723,0.00080578,13.493,15.675,19.355,21.317,25.024,27.563,31.389,34.909,38.71,1
255,255,255,255,255,255,255,255,255,0.0000182,0.00002803,0.00005051,8.93E-05,0.00012629,0.00018409,0.00027332,0.00042906,0.00059236,9.8697,13.694,17.221,19.159,21.644,26.992,33.248,40.674,46.562,1
0,0,0,0,0,0,0,0,0,0.0000120,0.00002379,0.00004817,7.89E-05,0.00012252,0.00016029,0.0001912,0.00027818,0.00039131,11.651,17.476,20.718,23.069,25.251,28.935,30.89,34.8,38.712,1
0,0,0,0,0,0,0,0,0,0.0000073,0.00001323,0.00002222,3.28E-05,5.31E-05,8.59E-05,0.00012346,0.00020188,0.00035481,9.3965,9.7752,9.7808,9.967,11.613,11.732,11.799,13.345,13.693,1
255,255,255,255,255,255,255,255,255,0.0000148,0.00002602,0.00003899,6.06E-05,8.46E-05,0.00013019,0.00019024,0.00029655,0.00047052,13.698,15.648,19.168,29.418,32.85,34.998,38.879,42.635,44.771,1
255,255,255,255,255,255,255,255,255,0.0000215,0.00004872,0.00006293,8.07E-05,0.00010877,0.00014906,0.00019394,0.00023321,0.0003424,17.204,19.159,19.407,21.207,25.053,27.247,31.086,33.041,36.972,1
255,255,255,255,255,255,255,255,255,0.0000092,0.00001630,0.00002681,4.88E-05,7.01E-05,8.88E-05,0.00012294,0.00016358,0.0002223,13.941,17.216,20.844,23.471,26.98,30.89,32.85,35.231,40.665,1
0,0,0,0,0,0,0,0,0,0.0000120,0.00002678,0.00004440,6.78E-05,8.60E-05,0.00010975,0.00014205,0.00020103,0.00032199,13.299,13.698,15.367,19.163,23.07,26.981,32.914,40.666,44.575,1
0,0,0,0,0,0,0,0,0,0.0000068,0.00001513,0.00002423,3.65E-05,6.48E-05,0.00011297,0.00023884,0.00039414,0.00064787,15.588,17.604,19.553,23.208,30.95,33.834,36.953,39.041,43.825,1
255,255,255,255,255,255,255,255,255,0.0000132,0.00002596,0.00004955,8.25E-05,0.00012343,0.00018365,0.00024782,0.00031851,0.00057683,11.736,15.297,19.463,21.576,25.421,27.451,33.155,37.012,41.102,1
255,255,255,255,255,255,255,255,255,0.0000219,0.00003979,0.00007031,8.73E-05,0.00010612,0.00015822,0.0002448,0.00037301,0.00064003,13.749,15.919,19.482,19.663,21.505,21.722,23.482,25.458,38.905,1
255,255,255,255,255,255,255,255,255,0.0000096,0.00002040,0.00002934,5.26E-05,7.90E-05,0.00011371,0.00021291,0.00030657,0.00047948,13.64,15.65,19.16,19.553,21.564,25.026,27.459,34.816,40.666,1
0,0,0,0,0,0,0,0,0,0.0000078,0.00001556,0.00002321,3.71E-05,5.83E-05,9.21E-05,0.00014336,0.00022462,0.00035412,15.684,19.167,21.505,25.024,27.383,32.845,36.759,40.899,46.881,1
0,0,0,0,0,0,0,0,0,0.0000061,0.00001123,0.00001806,2.62E-05,4.56E-05,8.38E-05,0.0001476,0.00023525,0.00037845,13.698,17.217,19.186,21.001,21.545,23.356,23.526,27.18,29.351,1
255,255,255,255,255,255,255,255,255,0.0000156,0.00002567,0.00004286,6.50E-05,9.71E-05,0.00013613,0.00018169,0.00026187,0.00035506,13.504,17.596,19.557,21.531,23.461,24.888,25.419,27.225,31.123,1
255,255,255,255,255,255,255,255,255,0.0000093,0.00001821,0.00002528,4.27E-05,6.17E-05,9.88E-05,0.00014324,0.00020112,0.00057875,13.294,15.659,17.494,21.114,23.069,26.98,32.845,35.229,42.622,1
0,0,0,0,0,0,0,0,0,0.0000106,0.00002451,0.00003820,5.05E-05,7.06E-05,9.85E-05,0.00014203,0.00024665,0.00066949,13.295,17.204,19.169,23.07,26.98,28.944,32.845,36.755,38.714,1
255,255,255,255,255,255,255,255,255,0.0000148,0.00003185,0.00005192,8.17E-05,0.0001057,0.00013727,0.00018214,0.00024908,0.0004158,15.657,17.306,17.686,21.411,23.461,25.4,27.374,31.286,35.191,1
0,0,255,255,255,255,255,255,255,0.0000143,0.00003352,0.00005944,7.63E-05,0.00014287,0.00020025,0.00028303,0.00034605,0.00046855,9.7449,20.039,23.073,25.44,27.506,29.628,33.041,35.106,40.901,1
0,0,0,0,0,0,0,0,0,0.0000121,0.00002438,0.00004351,6.25E-05,8.91E-05,0.0001128,0.00014304,0.00016608,0.00021677,15.277,17.219,19.161,19.6,23.07,25.901,26.98,28.947,33.208,1
0,0,0,0,0,0,0,0,0,0.0000084,0.00001522,0.00002450,3.97E-05,6.13E-05,9.22E-05,0.00010899,0.00015286,0.00020567,17.425,17.646,19.552,21.4,23.466,25.43,29.326,31.285,33.725,1
255,255,255,255,255,255,255,255,255,0.0000105,0.00002102,0.00003336,6.13E-05,9.71E-05,0.00013098,0.00017834,0.00025037,0.00040033,9.6182,15.725,23.118,25.25,28.949,32.733,34.8,36.778,39.262,1
0,0,255,255,255,255,255,255,255,0.0000166,0.00004715,0.00007066,9.46E-05,0.00015766,0.00019282,0.00023186,0.00033859,0.00053009,13.297,16.375,17.217,21.242,25.223,28.935,31.087,33.247,36.952,1
0,0,0,0,0,0,0,0,0,0.0000115,0.00002890,0.00004663,7.36E-05,0.00010002,0.00013368,0.00018833,0.00025567,0.00041609,13.393,15.64,17.654,19.342,23.07,25.456,29.159,31.131,33.236,1
0,0,0,0,0,0,0,255,255,0.0000275,0.00006085,0.00011419,0.00014222,0.00015687,0.00018307,0.00026788,0.00033634,0.0004538,11.714,15.523,18.806,19.581,25.042,29.963,34.873,37.234,40.922,1
0,0,0,0,0,0,0,0,0,0.0000224,0.00003926,0.00005963,8.37E-05,0.00011991,0.00015123,0.0001837,0.00026439,0.00038081,11.563,13.318,15.516,21.119,25.038,28.977,33.449,38.329,44.787,1
0,255,255,255,255,255,255,255,255,0.0000138,0.00002987,0.00004508,5.98E-05,0.00010353,0.00018905,0.00025851,0.00034444,0.00048954,11.677,17.595,19.55,21.505,25.221,30.928,36.767,39.202,41.209,1
0,0,0,0,0,0,0,0,0,0.0000152,0.00002318,0.00003378,4.81E-05,6.25E-05,8.43E-05,0.00011068,0.00015739,0.00024809,17.242,25.22,28.935,28.961,31.109,34.874,40.683,42.697,46.565,1
0,0,0,0,0,0,0,0,219,0.0000053,0.00002012,0.00004230,6.00E-05,8.78E-05,0.00014116,0.00017984,0.00026117,0.00044929,11.458,13.687,17.204,17.432,19.159,19.558,23.069,23.465,25.029,1
255,255,255,255,255,255,255,255,255,0.0000140,0.00003025,0.00005407,9.13E-05,0.00015418,0.0002915,0.00037168,0.00046399,0.00069839,13.257,17.204,17.655,21.115,23.469,29.018,32.473,36.862,42.825,1
0,0,0,0,0,0,0,0,0,0.0000112,0.00002296,0.00004037,6.11E-05,9.48E-05,0.00016426,0.00033403,0.00049612,0.00082776,7.8585,19.159,21.114,23.091,28.824,32.908,36.958,38.928,44.892,1
0,0,0,0,0,0,0,0,0,0.0000046,0.00001554,0.00002899,4.29E-05,5.34E-05,8.03E-05,0.00011007,0.00018928,0.00039528,11.743,15.676,19.189,19.638,23.121,25.426,28.981,29.39,32.87,1
0,0,0,0,0,0,0,0,0,0.0000065,0.00001439,0.00001883,2.35E-05,3.39E-05,4.58E-05,6.27E-05,8.21E-05,0.00012767,13.571,13.728,15.261,15.487,17.204,17.214,17.401,17.596,17.653,1
255,255,255,255,255,255,255,255,255,0.0000065,0.00001631,0.00002665,4.01E-05,6.44E-05,9.51E-05,0.00017408,0.00029857,0.0005034,11.383,15.322,23.082,25.224,29.242,35.061,40.731,46.726,50.641,1
0,0,0,0,0,0,0,0,255,0.0000094,0.00002066,0.00003461,5.42E-05,6.96E-05,0.00010428,0.00013185,0.00018167,0.00038519,17.455,21.218,23.47,25.54,27.402,31.15,33.237,35.183,37.039,1
0,255,255,255,255,255,255,255,255,0.0000124,0.00002020,0.00003348,5.88E-05,7.71E-05,0.00011476,0.00015628,0.00019953,0.00044012,15.507,19.498,21.591,25.105,28.941,32.881,36.951,40.694,42.666,1
0,0,0,0,0,0,0,0,0,0.0000122,0.00003290,0.00005348,7.76E-05,0.00010877,0.00015443,0.00019114,0.00027914,0.0004273,13.755,19.563,21.638,26.768,29.374,33.513,38.914,41.058,48.935,1
255,255,255,255,255,255,255,255,255,0.0000077,0.00001162,0.00002420,5.86E-05,8.70E-05,0.00012776,0.00018143,0.00022103,0.00030202,13.836,16.731,19.533,22.366,23.304,27.077,29.405,33.041,37.026,1
0,0,0,0,0,0,0,0,134,0.0000079,0.00001615,0.00003312,4.38E-05,5.84E-05,9.12E-05,0.00012282,0.00020355,0.00029752,15.734,19.38,21.768,25.055,27.663,29.853,33.288,35.514,43.696,1
255,255,255,255,255,255,255,255,255,0.0000095,0.00001985,0.00003606,5.01E-05,7.74E-05,0.00013744,0.00018948,0.00028336,0.00043225,13.551,19.463,23.612,27.175,29.13,31.085,33.225,36.757,38.738,1
0,0,0,0,0,0,0,0,0,0.0000195,0.00002922,0.00004375,7.64E-05,0.00012104,0.00015228,0.00018639,0.0002312,0.00050697,4.4626,15.641,19.404,21.347,23.081,23.377,25.244,27.115,29.372,1
255,255,255,255,255,255,255,255,255,0.0000243,0.00004194,0.00005529,7.69E-05,0.00010928,0.00015963,0.00021935,0.00028873,0.00042863,9.8069,16.384,17.767,23.371,27.002,29.352,33.167,35.223,39.061,1
255,255,255,255,255,255,255,255,255,0.0000218,0.00003171,0.00004509,6.08E-05,8.69E-05,0.00011552,0.00015086,0.00022257,0.00037955,15.249,17.4,23.071,25.025,28.935,28.946,31.089,34.8,41.007,1
0,0,0,0,0,0,0,0,0,0.0000134,0.00003058,0.00004606,5.56E-05,7.89E-05,0.0001054,0.00016212,0.0003419,0.00059148,13.294,15.249,17.205,19.162,21.118,23.071,23.265,25.03,33.103,1
0,0,0,0,0,0,0,0,0,0.0000152,0.00003472,0.00005382,6.70E-05,8.29E-05,0.00010754,0.00013635,0.00017443,0.00026738,13.362,17.204,17.42,19.367,21.31,23.14,25.423,27.37,31.085,1
0,0,0,0,0,0,0,0,0,0.0000069,0.00001246,0.00001880,2.27E-05,3.17E-05,4.66E-05,5.92E-05,7.67E-05,0.00026837,15.709,17.639,19.594,23.479,26.881,28.995,29.378,31.208,32.511,1
0,0,0,0,0,0,0,0,0,0.0000095,0.00001907,0.00002900,4.03E-05,5.17E-05,7.90E-05,0.00012171,0.00034684,0.00053939,13.742,17.654,21.482,25.043,28.935,30.89,32.852,33.14,34.892,1
0,0,0,0,0,0,0,0,0,0.0000245,0.00003940,0.00006270,9.03E-05,0.0001231,0.0001467,0.00018854,0.0003306,0.00064256,15.484,23.46,29.132,31.163,33.061,35.06,36.968,38.918,40.892,1
0,0,0,0,0,0,0,0,0,0.0000141,0.00002404,0.00003598,5.79E-05,9.23E-05,0.00013581,0.00019997,0.00027586,0.00040968,15.566,23.386,27.002,29.23,31.33,33.151,35.029,38.716,40.861,1
255,255,255,255,255,255,255,255,255,0.0000134,0.00002789,0.00004474,6.16E-05,7.74E-05,9.81E-05,0.00013023,0.00020779,0.00056848,13.867,25.076,28.935,31.087,33.057,35,36.782,38.738,40.682,1
255,255,255,255,255,255,255,255,255,0.0000134,0.00002607,0.00003944,6.48E-05,0.00011404,0.00020053,0.00026096,0.00039085,0.00054095,13.301,15.346,17.677,21.12,24.492,27.272,30.901,33.296,36.759,1
255,255,255,255,255,255,255,255,255,0.0000094,0.00002479,0.00004420,6.98E-05,0.00010128,0.00014432,0.00020246,0.00027355,0.00064597,11.572,15.279,19.165,19.653,23.484,29.216,32.912,36.755,39.029,1
255,255,255,255,255,255,255,255,255,0.0000054,0.00001130,0.00001945,2.81E-05,4.02E-05,5.79E-05,9.04E-05,0.00015004,0.00030494,13.697,17.66,21.256,23.628,27.428,29.533,31.449,33.277,35.117,1
255,255,255,255,255,255,255,255,255,0.0000130,0.00001834,0.00002501,3.79E-05,5.64E-05,7.54E-05,0.00010976,0.00014847,0.00026239,13.687,17.645,23.155,25.43,29.197,31.666,34.879,37.075,39.107,1
0,0,0,0,0,0,0,0,0,0.0000063,0.00001159,0.00001750,2.69E-05,4.66E-05,6.98E-05,0.00010908,0.00018647,0.0004503,11.741,13.917,17.213,19.169,21.145,25.042,27.397,31.085,37.146,1
255,255,255,255,255,255,255,255,255,0.0000128,0.00003313,0.00004907,6.46E-05,7.66E-05,0.00010591,0.00013676,0.00018847,0.00029495,15.535,21.114,22.154,25.045,27.175,30.9,32.845,37.64,40.88,1
0,0,0,0,0,0,0,0,0,0.0000142,0.00002990,0.00004597,6.65E-05,8.88E-05,0.00011342,0.00014779,0.00021266,0.00037327,11.346,21.197,23.76,26.99,29.131,30.928,32.865,34.803,36.755,1
255,255,255,255,255,255,255,255,255,0.0000146,0.00002697,0.00004057,5.72E-05,7.49E-05,9.35E-05,0.00012201,0.00014903,0.00018487,19.184,19.911,23.594,25.548,28.953,31.238,35.38,38.748,40.882,1
0,0,0,0,0,0,0,0,0,0.0000211,0.00002996,0.00004940,9.38E-05,0.00016055,0.00025154,0.0003812,0.00056568,0.00085958,5.8663,7.8698,13.868,21.613,23.568,25.467,27.3,29.427,34.901,1
255,255,255,255,255,255,255,255,255,0.0000143,0.00002708,0.00004353,6.39E-05,8.23E-05,0.00011521,0.00016714,0.00026476,0.00038883,12.879,14.552,15.839,17.103,19.345,21.028,22.071,23.476,23.77,1
0,0,0,0,0,0,0,0,212,0.0000107,0.00002672,0.00005000,8.34E-05,0.00014911,0.00017999,0.00022551,0.00038906,0.0010032,10.86,13.977,16.567,18.316,20.236,22.412,24.084,25.973,29.564,1
255,255,255,255,255,255,255,255,255,0.0000156,0.00002971,0.00004844,6.94E-05,9.29E-05,0.00012479,0.00018311,0.00026212,0.00057405,13.362,13.685,15.607,17.595,19.55,23.461,29.361,35.204,41.058,1
255,255,255,255,255,255,255,255,255,0.0000137,0.00003538,0.00006159,8.73E-05,0.00011389,0.0001331,0.00020491,0.00031747,0.00054933,13.336,15.526,17.281,21.114,21.161,25.496,30.89,31.145,33.127,1
0,0,0,0,0,0,0,0,0,0.0000141,0.00002601,0.00004003,5.78E-05,8.47E-05,0.00011343,0.0001498,0.00018539,0.00030084,14.486,17.637,19.49,21.19,25.024,28.935,33.076,36.757,39.529,1
0,0,0,0,0,0,0,0,0,0.0000132,0.00002866,0.00004371,6.00E-05,7.87E-05,0.00011576,0.0001478,0.0001976,0.00039098,19.162,21.507,23.461,25.426,27.371,29.326,33.247,39.107,43.175,1
255,255,255,255,255,255,255,255,255,0.0000126,0.00003480,0.00005121,7.49E-05,9.81E-05,0.00012425,0.00017345,0.00025359,0.00042251,9.7763,15.253,17.226,19.17,21.145,25.024,29.33,33.088,36.763,1
0,0,0,0,0,0,0,0,0,0.0000208,0.00004930,0.00007101,9.45E-05,0.00013165,0.00016688,0.00022081,0.00032047,0.00047166,11.103,19.387,21.513,23.266,25.58,31.085,33.127,35.132,41.127,1
0,0,0,0,0,0,0,0,0,0.0000061,0.00001456,0.00002252,3.14E-05,4.98E-05,8.99E-05,0.00013399,0.00017567,0.00027745,11.853,15.315,17.213,19.16,19.382,19.944,21.121,21.83,22.285,1
0,0,0,0,0,0,0,0,0,0.0000102,0.00002465,0.00003434,4.33E-05,5.68E-05,7.54E-05,0.00010719,0.00016012,0.00022462,11.73,15.252,17.23,19.214,21.327,25.038,30.891,34.838,37.017,1
0,0,0,0,0,0,0,0,0,0.0000097,0.00001842,0.00002674,4.06E-05,6.25E-05,9.70E-05,0.00012784,0.00018273,0.00030878,17.587,21.52,23.471,25.032,25.432,28.935,31.107,33.126,36.831,1
0,0,0,0,0,0,0,0,0,0.0000135,0.00002375,0.00003975,5.87E-05,8.65E-05,0.00012906,0.00025393,0.00042839,0.00060254,13.17,17.212,19.168,21.128,23.265,25.192,26.99,27.381,31.281,1
0,0,0,0,0,0,0,0,0,0.0000173,0.00003007,0.00004350,7.00E-05,0.00011607,0.00016216,0.00022942,0.00030804,0.00045209,15.27,17.604,19.171,21.115,23.07,27.396,32.845,37.07,40.687,1
0,0,0,0,0,0,0,0,0,0.0000213,0.00003240,0.00004286,6.40E-05,9.16E-05,0.00014176,0.00019031,0.00027412,0.0003626,11.615,15.45,17.51,19.663,23.265,27.405,34.995,39.014,42.635,1
0,0,0,0,0,0,0,0,0,0.0000109,0.00002186,0.00004063,6.66E-05,8.57E-05,0.00011811,0.00016087,0.00022106,0.00036199,11.818,15.587,17.149,17.256,17.651,19.409,25.024,32.845,38.926,1
255,255,255,255,255,255,255,255,255,0.0000136,0.00002174,0.00003472,4.98E-05,6.76E-05,8.80E-05,0.00012863,0.0001857,0.00032935,11.339,13.297,15.268,17.204,17.235,21.114,26.98,28.935,34.802,1
255,255,255,255,255,255,255,255,255,0.0000072,0.00002065,0.00003758,5.81E-05,9.26E-05,0.00012663,0.00017171,0.0002408,0.00036132,10.33,11.39,11.73,13.698,19.359,23.092,27.148,33.772,38.711,1
0,0,0,0,0,0,0,0,0,0.0000063,0.00001509,0.00002690,4.22E-05,7.36E-05,0.00011813,0.000173,0.00023663,0.0004556,13.998,15.288,15.705,17.512,19.511,23.075,25.482,28.935,32.845,1
0,0,0,0,0,0,0,0,0,0.0000083,0.00001388,0.00002548,4.10E-05,6.33E-05,9.46E-05,0.00013753,0.00023129,0.00082055,13.491,15.641,17.598,18.846,21.115,25.039,29.196,33.116,36.364,1
0,0,0,0,0,0,0,0,0,0.0000141,0.00002739,0.00004181,6.05E-05,9.04E-05,0.00012754,0.00019285,0.00034209,0.00066412,9.7777,11.764,15.254,17.721,21.131,25.324,28.935,33.151,39.036,1
255,255,255,255,255,255,255,255,255,0.0000047,0.00001095,0.00001917,2.55E-05,4.53E-05,8.62E-05,0.0001712,0.00030478,0.00043886,15.666,19.355,21.576,25.417,27.416,33.145,39.105,44.818,48.931,1
0,0,0,0,0,0,0,0,0,0.0000093,0.00002159,0.00003375,5.39E-05,7.52E-05,9.35E-05,0.00011457,0.00016311,0.00025683,15.268,17.229,19.409,23.302,27.287,31.342,35.071,37.146,39.007,1
255,255,255,255,255,255,255,255,255,0.0000063,0.00001604,0.00003378,4.91E-05,7.37E-05,0.00010524,0.00013296,0.00018863,0.00024889,13.468,17.258,17.791,19.645,21.57,23.477,25.289,26.297,29.347,1
0,0,0,0,0,0,0,0,0,0.0000164,0.00003117,0.00004687,7.05E-05,9.71E-05,0.00014951,0.00019307,0.00039719,0.00075671,12.554,17.602,20.798,25.03,27.043,29.382,35.224,40.665,42.876,1
0,0,0,0,0,0,0,0,0,0.0000062,0.00001920,0.00004129,5.83E-05,7.50E-05,9.98E-05,0.00012572,0.00019272,0.00039147,11.745,13.824,17.246,19.551,21.533,25.419,27.386,29.411,33.236,1
255,255,255,255,255,255,255,255,255,0.0000143,0.00002183,0.00003731,5.31E-05,7.43E-05,0.0001096,0.0001441,0.00021476,0.00031436,15.458,17.265,19.53,21.437,23.517,26.98,29.017,30.921,38.716,1
255,255,255,255,255,255,255,255,255,0.0000078,0.00001857,0.00003438,4.93E-05,7.20E-05,0.00010085,0.00014002,0.00018678,0.00047892,17.158,21.17,23.249,25.221,26.989,28.948,30.928,33.044,36.755,1
255,255,255,255,255,255,255,255,255,0.0000246,0.00004882,0.00007639,0.00010406,0.00014205,0.00018296,0.00024445,0.00037511,0.00067302,13.318,15.697,17.62,19.647,23.442,29.43,33.777,36.799,40.719,1
0,0,0,0,0,0,0,0,0,0.0000136,0.00003465,0.00006993,9.76E-05,0.00014173,0.00018668,0.00023644,0.00029321,0.00045658,15.275,18.913,19.657,21.551,23.069,25.376,26.99,29.343,45.005,1
255,255,255,255,255,255,255,255,255,0.0000132,0.00002582,0.00004952,7.11E-05,9.40E-05,0.00012177,0.0001533,0.00024522,0.00045504,9.533,13.685,15.651,19.355,23.267,26.987,29.15,32.848,34.835,1
255,255,255,255,255,255,255,255,255,0.0000134,0.00002741,0.00004397,6.05E-05,7.76E-05,0.00010378,0.00014914,0.00028447,0.00045624,9.3842,13.294,17.204,17.411,19.559,24.974,28.935,31.182,38.984,1
255,255,255,255,255,255,255,255,255,0.0000118,0.00002206,0.00003298,4.54E-05,6.01E-05,8.37E-05,0.00012441,0.00027328,0.00047883,13.309,15.308,17.483,19.566,23.07,29.353,34.998,36.956,43.054,1
255,255,255,255,255,255,255,255,255,0.0000253,0.00004126,0.00004980,6.18E-05,8.48E-05,0.00011675,0.00015429,0.00026179,0.00044076,17.204,21.316,23.354,27.176,30.89,33.052,36.984,40.678,44.774,1
0,0,0,0,0,0,0,0,0,0.0000061,0.00001048,0.00001999,3.87E-05,5.91E-05,7.87E-05,0.00012228,0.00016961,0.00029521,13.562,17.25,17.69,19.557,21.519,25.033,27.025,27.473,29.335,1
255,255,255,255,255,255,255,255,255,0.0000056,0.00001237,0.00002536,4.30E-05,7.03E-05,0.00010338,0.00013995,0.00024783,0.0005234,11.631,13.686,15.612,17.214,17.615,21.115,23.362,26.987,28.936,1
0,0,0,0,0,0,0,0,0,0.0000191,0.00003870,0.00006566,9.77E-05,0.00014117,0.00016508,0.00022755,0.0004418,0.00083876,11.755,13.488,14.661,17.714,21.373,25.441,31.332,35.104,41.032,1
0,0,0,0,0,0,0,0,0,0.0000090,0.00001924,0.00003102,4.66E-05,7.92E-05,0.00013542,0.00020306,0.00043268,0.00092265,9.7159,11.844,14.941,17.402,17.61,17.668,19.136,19.996,23.719,1
0,0,0,0,0,0,0,0,0,0.0000096,0.00002586,0.00004144,6.67E-05,9.99E-05,0.00016111,0.00021142,0.00026882,0.0005476,11.693,13.294,13.529,15.24,15.303,17.205,17.896,21.114,23.1,1
255,255,255,255,255,255,255,255,255,0.0000072,0.00002139,0.00004321,6.76E-05,8.07E-05,0.00010399,0.00014629,0.00028272,0.00043946,11.345,13.294,13.369,17.204,19.382,23.083,27.024,29.043,35.01,1
0,0,0,0,0,0,0,0,0,0.0000191,0.00003749,0.00006940,0.00011025,0.0001492,0.00020405,0.00026907,0.00036202,0.00055995,13.728,17.325,19.118,19.469,21.145,23.072,25.113,27.028,29.568,1
255,255,255,255,255,255,255,255,255,0.0000078,0.00001777,0.00003044,5.00E-05,6.82E-05,0.00010234,0.00014278,0.00018085,0.00025462,11.366,13.304,15.249,15.51,21.115,25.103,29.171,33.04,38.72,1
255,255,255,255,255,255,255,255,255,0.0000142,0.00003232,0.00004598,6.25E-05,8.72E-05,0.00011572,0.00014954,0.00024055,0.00034091,11.348,13.37,15.266,17.165,19.159,19.657,23.069,25.053,27.239,1
0,0,0,0,0,0,0,0,0,0.0000128,0.00002308,0.00003887,5.55E-05,7.27E-05,9.87E-05,0.00013392,0.00020749,0.00038783,15.267,17.585,21.115,23.244,27.044,30.892,36.755,40.665,42.623,1
0,0,0,0,0,0,0,0,0,0.0000124,0.00002354,0.00003576,5.17E-05,7.03E-05,0.00010798,0.00017386,0.00033184,0.0005005,15.653,17.595,19.55,23.268,26.902,27.25,29.333,32.884,34.041,1
0,0,0,0,0,0,0,0,0,0.0000126,0.00003242,0.00005688,8.27E-05,0.00010794,0.00015377,0.00020597,0.00029681,0.00055716,13.699,17.468,17.626,19.553,21.513,25.037,29.205,33.262,40.695,1
255,255,255,255,255,255,255,255,255,0.0000222,0.00004193,0.00007759,0.00010206,0.0001442,0.00019796,0.0003042,0.00041368,0.00079235,9.6082,11.437,13.452,15.64,17.716,23.49,25.464,29.365,33.282,1
255,255,255,255,255,255,255,255,255,0.0000087,0.00002258,0.00003777,5.08E-05,7.17E-05,9.57E-05,0.0001409,0.00029806,0.00086244,11.849,15.26,15.662,17.792,21.184,21.506,23.461,26.98,29.163,1
0,0,0,0,0,0,0,0,0,0.0000104,0.00002144,0.00003458,5.51E-05,9.47E-05,0.00011786,0.00016987,0.00026403,0.00095221,11.953,15.25,17.205,19.16,21.34,25.025,26.99,30.908,33.041,1
255,255,255,255,255,255,255,255,255,0.0000144,0.00003498,0.00005212,8.31E-05,0.00010463,0.00014486,0.00020627,0.00029313,0.00043873,13.469,17.208,19.18,21.117,23.069,25.024,25.053,27.003,31.192,1
0,0,0,0,0,0,0,0,0,0.0000070,0.00001357,0.00002227,3.51E-05,5.13E-05,7.66E-05,0.0001221,0.00024444,0.00071617,11.995,15.3,15.653,17.417,17.756,19.6,21.905,25.418,29.331,1
0,0,0,0,0,0,0,0,0,0.0000100,0.00002348,0.00003943,6.20E-05,8.54E-05,0.00011575,0.00015998,0.00031708,0.00067418,13.305,15.454,17.611,20.403,21.779,27.372,33.236,37.146,39.121,1
0,0,0,0,0,0,0,0,0,0.0000085,0.00002283,0.00004404,6.59E-05,8.68E-05,0.0001345,0.00020503,0.00031343,0.00055256,15.107,19.661,21.444,21.647,21.858,22.44,23.99,27.272,34.404,1
0,0,0,0,0,0,0,0,0,0.0000068,0.00001411,0.00002127,3.41E-05,4.94E-05,7.92E-05,0.0001078,0.00013756,0.00027534,17.686,21.178,23.301,27.175,30.896,33.043,34.833,37.074,39.125,1
0,0,0,0,0,0,0,0,0,0.0000117,0.00002208,0.00003353,4.86E-05,6.75E-05,9.51E-05,0.0001207,0.00014639,0.00023212,11.731,14.324,15.736,18.604,19.702,21.624,25.416,26.147,29.254,1
0,0,0,0,0,0,0,0,0,0.0000127,0.00002967,0.00004774,6.73E-05,8.98E-05,0.00011511,0.00018026,0.00033964,0.00060583,13.608,15.445,17.205,17.7,21.115,23.414,26.979,28.961,34.814,1
0,33,249,255,255,255,255,255,255,0.0000182,0.00003708,0.00005718,9.07E-05,0.00017974,0.00027666,0.00038279,0.00050025,0.00098861,15.366,17.595,20.072,22.072,23.765,25.86,27.547,28.48,32.522,1
0,0,0,0,0,0,0,0,0,0.0000151,0.00003816,0.00006716,9.53E-05,0.00013171,0.00016603,0.00022218,0.00035781,0.00067395,12.78,16.518,17.767,19.358,21.557,25.599,29.282,31.686,36.385,1
0,0,0,0,0,0,0,0,0,0.0000069,0.00002673,0.00004900,8.02E-05,0.00010189,0.00015511,0.00025886,0.00067201,0.0012206,7.1994,13.304,19.171,21.195,23.1,27.382,32.85,34.807,36.997,1
0,0,0,0,0,0,0,0,0,0.0000112,0.00003027,0.00004144,7.99E-05,0.00011945,0.0001703,0.00022118,0.00027251,0.00045475,9.6218,11.678,13.543,15.255,17.211,21.436,23.56,26.982,27.425,1
107,112,114,118,120,124,127,132,139,0.0000084,0.00003579,0.00006149,9.01E-05,0.00011837,0.0001603,0.00021547,0.00029833,0.00056531,9.3905,11.359,13.304,15.25,17.204,17.466,19.244,23.07,26.922,2
47,54,62,67,74,81,90,100,115,0.0000209,0.00003067,0.00005902,8.20E-05,9.63E-05,0.00011954,0.00017806,0.00028713,0.00054466,9.7318,15.25,16.607,17.666,19.444,23.271,25.228,27.178,29.131,2
94,100,105,109,113,118,124,129,139,0.0000171,0.00004722,0.00010928,0.0001358,0.00016564,0.00022818,0.0003146,0.00054734,0.001038,4.7401,11.355,13.7,15.648,17.488,21.359,23.163,23.535,27.371,2
42,48,52,58,64,70,80,94,115,0.0000134,0.00002625,0.00006648,0.00010463,0.0001354,0.00021508,0.00027288,0.00038446,0.00060243,9.8688,13.693,15.65,17.6,19.402,21.322,23.138,23.525,25.223,2
87,94,101,105,111,117,122,131,142,0.0000115,0.00003890,0.00008246,0.0001199,0.00018153,0.00020511,0.0002286,0.00030165,0.00048536,11.856,15.253,15.625,17.64,19.406,21.147,23.083,25.025,25.08,2
20,29,37,43,48,54,62,73,92,0.0000275,0.00006945,0.00010490,0.00011709,0.00012964,0.00016126,0.00024392,0.00034641,0.00046211,11.339,13.303,15.351,18.567,21.125,23.18,27.36,30.891,32.907,2
112,116,120,123,128,133,140,152,170,0.0000461,0.00010415,0.00015881,0.00019249,0.00024284,0.00028182,0.00037058,0.00049935,0.00068859,9.6277,9.789,11.553,11.73,11.821,13.784,19.601,22.959,25.462,2
91,100,105,109,112,117,122,129,140,0.0000403,0.00008690,0.00010244,0.00012449,0.00015089,0.00021987,0.00032681,0.00041797,0.00052326,9.7969,11.526,13.369,17.206,19.159,21.244,23.209,26.979,28.935,2
95,100,104,108,112,116,120,126,137,0.0000464,0.00010098,0.00011768,0.00013841,0.00017971,0.00025247,0.00035113,0.00040953,0.00054961,9.7665,11.726,13.68,17.174,17.363,19.473,21.173,23.554,27.272,2
107,113,117,121,126,129,134,141,160,0.0000368,0.00006315,0.00008094,0.0001198,0.00018717,0.00024239,0.00031275,0.00042167,0.00058702,9.694,11.34,13.297,15.294,17.121,17.505,19.196,23.083,25.251,2
105,112,117,120,126,129,134,141,151,0.0000182,0.00003978,0.00006447,0.00012298,0.00015245,0.00016124,0.00018235,0.00022866,0.00050072,13.544,17.447,19.355,21.188,23.373,27.175,29.147,31.111,35.026,2
77,82,87,89,94,98,102,108,118,0.0000092,0.00001372,0.00002650,3.65E-05,7.74E-05,0.00013122,0.00023025,0.00033943,0.00043302,13.489,17.524,19.355,21.146,23.108,25.223,28.955,31.085,33.045,2
85,89,92,96,99,102,105,111,120,0.0000131,0.00003893,0.00006564,8.42E-05,0.00012276,0.00017102,0.00022184,0.00041226,0.00073699,7.8868,19.167,23.069,23.13,25.22,27.188,29.131,31.085,33.244,2
102,109,115,120,123,128,133,139,148,0.0000122,0.00001868,0.00003157,7.01E-05,0.00010716,0.00015245,0.00019509,0.00026168,0.00032578,9.3951,13.695,17.204,17.402,19.361,21.372,25.025,26.998,28.961,2
110,115,120,126,132,139,150,163,183,0.0000309,0.00005567,0.00008145,0.00011266,0.00013402,0.00015827,0.00019298,0.0002624,0.00038484,9.7752,11.54,13.306,15.251,15.598,17.662,21.596,25.222,27.381,2
70,78,85,94,104,118,133,145,158,0.0000092,0.00001619,0.00002699,4.98E-05,5.88E-05,9.03E-05,0.00014655,0.00019717,0.00027568,13.305,15.445,15.445,17.403,19.411,21.322,23.273,25.224,27.193,2
78,88,97,107,120,133,145,157,173,0.0000063,0.00001340,0.00002259,3.88E-05,6.35E-05,9.63E-05,0.0001549,0.00024481,0.00033722,11.722,13.702,15.686,19.201,21.311,25.028,25.234,27.177,28.956,2
54,69,77,86,94,103,117,134,157,0.0000034,0.00001144,0.00003271,6.42E-05,8.90E-05,0.00013244,0.00018499,0.00027544,0.00069259,4.5079,12.61,17.204,17.616,21.115,23.08,25.03,25.435,27.149,2
72,81,89,96,103,111,121,138,158,0.0000045,0.00001598,0.00002733,5.04E-05,8.75E-05,0.0001182,0.00015707,0.00024697,0.00041261,11.34,13.599,15.548,17.596,19.375,21.192,23.308,25.184,27.257,2
71,90,110,122,132,141,147,154,165,0.0000333,0.00008201,0.00012698,0.00016995,0.00023655,0.00027278,0.00035913,0.0004423,0.00067906,9.46,11.36,13.685,15.489,15.716,17.609,21.343,25.422,29.349,2
66,75,82,87,93,100,107,116,130,0.0000074,0.00001674,0.00003051,5.50E-05,7.72E-05,9.66E-05,0.00013027,0.00018728,0.00036297,11.607,15.46,17.582,19.201,21.141,23.628,25.416,27.271,29.257,2
87,93,99,103,108,111,116,122,131,0.0000045,0.00000891,0.00001968,4.03E-05,5.84E-05,0.00010213,0.00012655,0.00024129,0.00043963,6.3688,15.644,17.597,19.576,22.561,23.648,25.439,27.37,27.384,2
0,255,255,255,255,255,255,255,255,0.0000647,0.00010505,0.00014096,0.00017793,0.00021766,0.0002287,0.0002634,0.00031389,0.00063291,5.8656,7.5619,9.3842,9.3914,11.339,11.395,13.294,13.582,15.272,2
76,82,86,93,101,111,118,127,138,0.0000148,0.00002051,0.00003278,4.26E-05,8.36E-05,0.00013215,0.00017776,0.00022153,0.0003442,11.734,15.64,19.159,19.447,21.515,23.353,25.024,26.98,29.222,2
85,92,98,104,110,117,125,137,152,0.0000028,0.00000684,0.00001298,1.89E-05,5.32E-05,8.16E-05,0.00013256,0.00022239,0.00036137,11.783,17.639,19.758,21.565,23.326,23.576,25.425,27.386,29.335,2
88,91,95,98,103,114,124,132,142,0.0000071,0.00001691,0.00003012,5.55E-05,8.72E-05,0.0001368,0.00020076,0.00026122,0.00046791,11.362,11.73,13.49,15.445,17.4,19.392,21.119,21.365,23.079,2
102,108,115,120,125,130,137,143,155,0.0000121,0.00004133,0.00007892,0.00011306,0.00016474,0.00022704,0.00032964,0.0005954,0.00087082,11.42,15.633,18.604,21.183,25.039,27.258,31.107,33.126,36.796,2
93,100,105,110,114,120,125,134,148,0.0000225,0.00003581,0.00004668,6.03E-05,0.00010488,0.00017392,0.00030374,0.00071149,0.0010401,11.625,15.501,18.306,20.801,23.148,25.278,27.269,29.6,36.95,2
81,89,96,104,111,119,125,134,144.8,0.0000223,0.00004495,0.00006678,8.02E-05,0.00010007,0.00018224,0.00030624,0.00053688,0.00077613,11.945,17.071,17.695,20.802,23.074,24.509,28.329,31.165,34.998,2
105,112,118,123,129,134,141,151,167,0.0000224,0.00004350,0.00006734,9.18E-05,0.00010855,0.00014441,0.00024823,0.00034773,0.00060099,7.4365,9.3842,11.339,11.75,13.319,15.283,21.238,29.178,32.845,2
70,76,82,85,89,93,99,106,120,0.0000237,0.00004918,0.00009263,0.00010752,0.00015564,0.00017507,0.00021898,0.00032439,0.00057683,5.4743,15.25,19.235,21.509,25.029,25.223,27.175,29.13,34.677,2
32,39,46,56,63,72,83,94,113,0.0000234,0.00004582,0.00006571,7.64E-05,9.28E-05,0.00012413,0.00018314,0.00030854,0.00055288,4.0412,9.7118,13.572,15.655,19.162,21.118,23.071,25.026,26.98,2
84,90,94,98,102,107,112,119,132,0.0000189,0.00004381,0.00008050,0.00012924,0.00016379,0.00020524,0.00029056,0.000448,0.00081531,11.463,13.693,15.25,15.69,19.16,22.081,25.025,28.935,32.845,2
69,74,80,84,89,91,96,103,112,0.0000175,0.00003077,0.00003791,5.60E-05,7.99E-05,9.40E-05,0.00013008,0.00021908,0.00044491,11.731,13.558,15.446,17.279,19.489,23.069,25.059,26.996,30.939,2
63,69,75,80,85,95,103,117,132,0.0000048,0.00001621,0.00003658,5.23E-05,8.74E-05,0.00012133,0.00015188,0.00031312,0.00080011,11.462,15.25,17.204,19.166,21.134,23.07,25.025,26.989,28.935,2
95,103,108,113,117,122,127,133,142,0.0000120,0.00002297,0.00003556,5.23E-05,6.96E-05,9.52E-05,0.00017947,0.00035056,0.00063809,11.707,13.687,15.503,19.355,23.07,25.029,26.979,27.036,28.936,2
99,106,111,116,121,126,132,139,153,0.0000069,0.00001333,0.00002718,5.73E-05,8.78E-05,0.00012984,0.00015479,0.00019459,0.00043347,13.294,17.204,17.601,19.356,21.197,23.361,25.095,26.985,27.25,2
85,90,95,99,104,110,116,124,136,0.0000451,0.00007606,0.00010841,0.00012525,0.0001374,0.00017912,0.00022104,0.00031195,0.00055558,11.737,13.314,15.249,17.204,19.159,19.422,21.153,24.449,29.198,2
2,11,18,25,31,38,47,58,79,0.0000297,0.00005554,0.00007934,9.98E-05,0.00012169,0.00016616,0.00021765,0.00026817,0.00036117,13.6,15.73,17.3,19.161,21.119,21.365,23.07,23.311,27.041,2
89,95,99,102,107,111,116,125,141,0.0000167,0.00005047,0.00007435,8.95E-05,0.00011615,0.00017024,0.00024294,0.00032838,0.00067746,9.7752,11.748,15.25,15.685,17.585,21.115,23.084,25.123,27.873,2
91,96,102,107,115,122,129,138.8,149,0.0000193,0.00004660,0.00006003,8.87E-05,0.00017572,0.00031226,0.00049724,0.00063427,0.0010583,4.209,15.446,17.434,19.192,19.56,21.879,25.29,27.245,27.421,2
88,92,98,102,106,112,117,126,136,0.0000307,0.00004137,0.00005124,7.88E-05,0.00010828,0.00013298,0.00028389,0.00038576,0.00066612,9.647,15.659,19.362,21.318,23.27,25.04,26.286,27.016,28.823,2
116,121,126,130,134,138,143,149,159,0.0000074,0.00001206,0.00001651,3.08E-05,5.96E-05,0.00011041,0.00015155,0.0004266,0.00075091,10.781,15.641,19.16,21.15,23.072,23.297,25.03,25.229,26.991,2
83,89,93,97,101,104,109,115,125,0.0000271,0.00005300,0.00007706,0.00010181,0.00012335,0.00014758,0.00019099,0.00024334,0.00034336,13.306,17.256,17.659,19.614,21.505,23.46,25.1,26.997,28.943,2
93,99,104,109,114,120,125,132,143,0.0000142,0.00003271,0.00005637,9.16E-05,0.00011078,0.00015422,0.00020529,0.00025539,0.00037936,13.685,17.232,17.595,19.421,19.551,21.346,23.265,23.46,25.224,2
87,92,96,100,103,107,112,117,129,0.0000218,0.00003017,0.00004989,6.27E-05,0.00013081,0.00015519,0.00021369,0.00025956,0.00066981,5.4904,15.322,15.64,17.558,19.215,23.271,25.22,25.338,27.371,2
83,89,93,96,100,105,110,117,127,0.0000044,0.00001877,0.00003843,7.72E-05,0.00010212,0.00017364,0.00023712,0.0003241,0.00044655,9.691,11.73,15.5,17.515,19.369,20.601,21.505,23.112,25.095,2
93,100,105,109,113,117,123,130,143,0.0000131,0.00002275,0.00005055,7.58E-05,0.00010486,0.00013626,0.00016324,0.00021996,0.00032901,9.3901,15.325,19.166,21.126,23.282,25.112,27.177,29.13,31.088,2
86,94,100,104,108,114,119,127,143,0.0000059,0.00002248,0.00004823,5.40E-05,8.06E-05,0.00016319,0.00020593,0.00028321,0.00048833,11.79,19.165,20.341,21.333,23.077,23.474,25.063,25.439,28.935,2
94,103,111,120,128,136,143,151,164,0.0000529,0.00009806,0.00012293,0.00015749,0.00018787,0.000218,0.00025743,0.00029137,0.00037095,11.345,13.301,15.641,19.195,21.128,21.505,23.295,25.103,28.58,2
94,99,107,115,123,132,140,148,161,0.0000129,0.00004394,0.00008772,0.00012782,0.00018642,0.00023901,0.00028084,0.00033126,0.00051041,9.3886,13.312,15.229,15.64,17.559,17.597,19.424,21.114,22.562,2
87,93,97,103,107,111,117,123,132,0.0000365,0.00006520,0.00007693,0.00015912,0.00020594,0.00022223,0.00028306,0.00055107,0.0011098,5.498,11.339,11.709,17.204,17.641,19.355,21.119,22.202,27.196,2
101,107,112,117,122,127,134,144,164,0.0000249,0.00003322,0.00008829,0.00013682,0.00018205,0.0002466,0.00031094,0.00043912,0.0008603,4.1206,13.305,15.267,15.66,17.415,19.434,21.582,23.266,25.033,2
96,103,108,113,119,124,129,137,150,0.0000102,0.00003052,0.00004597,7.01E-05,9.90E-05,0.0001246,0.00017345,0.00024521,0.00059319,11.731,15.571,17.243,17.604,19.19,21.125,23.465,27.009,29.376,2
0,0,1,7,11,18,26,36,54,0.0000116,0.00003118,0.00005007,6.94E-05,0.00010428,0.0001156,0.00013816,0.00016756,0.00021405,11.356,13.69,15.64,19.159,21.114,23.069,23.34,25.42,29.147,2
80,85,90,95,100,105,110,118,130,0.0000161,0.00003146,0.00005700,8.49E-05,0.00011527,0.00013447,0.00017577,0.00027392,0.00041718,7.898,11.73,15.249,17.215,19.222,21.509,23.444,26.98,29.134,2
36,45,54,61,71,78,86,95,109,0.0000259,0.00005015,0.00008002,0.00011857,0.00015852,0.00021189,0.00030561,0.00042414,0.00065978,8.4118,13.71,15.704,19.182,21.454,23.49,25.597,29.448,31.35,2
85,91,96,100,104,108,113,118,131,0.0000181,0.00003937,0.00006526,9.38E-05,0.00016695,0.00020078,0.00030306,0.00036514,0.00045637,11.34,11.745,13.577,15.359,17.4,19.357,21.41,26.43,27.657,2
12,25,33,42,50,59,68,80,104,0.0000465,0.00009381,0.00012132,0.00013905,0.00018095,0.00024547,0.00028158,0.00036196,0.00053017,13.907,15.707,17.643,19.399,19.58,21.549,27.071,31.162,34.995,2
93,101,107,112,119,127,136,147,165,0.0000523,0.00010383,0.00015143,0.00018579,0.00022704,0.00026673,0.00030921,0.00046459,0.00064568,9.435,13.304,17.206,19.16,21.141,23.528,26.983,28.524,29.162,2
0,0,0,0,0,0,1,15,38,0.0000106,0.00002137,0.00003796,5.58E-05,8.22E-05,0.00016619,0.00025503,0.00036799,0.00063508,11.694,17.233,21.373,25.041,25.416,27.007,27.192,28.996,30.896,2
92,100,110,121,136,155,172,186,208,0.0000316,0.00005147,0.00008458,0.00010313,0.00015879,0.00020246,0.00029443,0.00054037,0.001325,4.8327,13.904,15.457,19.463,23.465,28.935,30.89,31.118,33.044,2
92,99,103,108,112,116,121,128,141,0.0000110,0.00003948,0.00006585,8.36E-05,0.0001012,0.0001425,0.00020208,0.00028197,0.00041762,9.7752,11.73,11.73,13.297,13.685,14.312,15.257,15.476,15.64,2
35,40,45,51,56,62,67,74,87,0.0000251,0.00004825,0.00007852,0.00011669,0.0001217,0.00015724,0.00025564,0.00033062,0.00046848,11.389,15.26,17.23,19.16,19.556,23.069,25.075,27.067,29.166,2
27,33,39,45,51,57,62,70,82,0.0000438,0.00009999,0.00013404,0.00016145,0.00018622,0.00020335,0.00024406,0.00029849,0.0003917,13.294,15.328,17.255,19.169,19.547,21.431,25.026,26.98,28.935,2
24,32,38,44,48,54,60,70,82,0.0000280,0.00005888,0.00009405,0.00012239,0.00015784,0.00018068,0.00023859,0.00033657,0.00045807,12.315,17.636,19.461,21.202,23.176,26.988,30.89,32.845,33.262,2
0,2,13,22,31,40,49,65,96,0.0000430,0.00006451,0.00009483,0.00013204,0.00014949,0.00016929,0.00021363,0.00030444,0.0005288,11.864,15.302,15.67,17.25,19.412,21.15,23.201,25.269,27.132,2
109,117,123,127,133,137,143,150,162,0.0000111,0.00003573,0.00005702,8.93E-05,0.00014239,0.00019076,0.0002486,0.00034278,0.00071015,11.344,13.311,15.31,19.5,23.072,23.272,25.03,25.222,26.991,2
91,96,101,105,109,113,118,127,141,0.0000240,0.00003806,0.00007013,0.00012378,0.00017568,0.00022535,0.0002675,0.00040031,0.00065795,11.353,13.603,15.366,15.64,17.245,19.55,23.295,27.178,33.075,2
107,111,115,120,125,133,142,151,165,0.0000481,0.00006571,0.00010219,0.00014164,0.00018776,0.00023391,0.00031399,0.00045566,0.00071694,9.4189,11.34,13.3,15.251,15.604,19.16,23.093,27.03,30.896,2
100,106,111,115,118,123,128,135,147,0.0000182,0.00004367,0.00005678,7.58E-05,8.60E-05,0.00011827,0.00016551,0.00022333,0.00038004,13.295,15.275,17.405,19.364,21.389,23.41,25.28,27.259,30.897,2
97,102,106,109,113,116,120,125,134,0.0000299,0.00005587,0.00007677,9.88E-05,0.00011993,0.00014631,0.00019302,0.00025065,0.00067957,11.342,13.308,17.225,19.551,21.318,23.276,27.175,28.959,31.085,2
100,105,110,113,118,122.8,127,135,148,0.0000262,0.00005157,0.00007735,9.57E-05,0.00011974,0.00013819,0.0001829,0.00025541,0.00033337,11.657,13.685,15.676,19.159,19.359,21.13,21.528,23.47,26.98,2
238,255,255,255,255,255,255,255,255,0.0000553,0.00007573,0.00010506,0.00014094,0.00018601,0.00022282,0.00028776,0.00057909,0.0011605,5.4776,6.1468,7.4333,8.3247,11.339,11.339,13.294,15.251,17.206,2
88,92,98,105,114,124.2,144,174,199,0.0000267,0.00006002,0.00010898,0.00014101,0.0001847,0.00021146,0.00025154,0.00030736,0.00057861,9.3869,9.811,11.605,11.749,13.685,15.64,19.55,21.601,25.416,2
99,107,112,116,122,125,131,137,148,0.0000259,0.00004311,0.00007583,0.00010359,0.00011283,0.00015325,0.00020069,0.00031852,0.00065227,13.379,15.253,16.957,17.597,19.55,21.384,23.46,25.236,29.136,2
76,81,85,90,95,100,107,115,128,0.0000177,0.00004447,0.00006879,9.19E-05,0.00011963,0.00017553,0.00023584,0.00029117,0.00063782,13.394,13.869,15.604,17.207,17.487,19.531,23.07,25.053,28.959,2
103,109,115,119,123,128,133,142,153,0.0000158,0.00003571,0.00005770,9.21E-05,0.00013269,0.00015565,0.0002118,0.00030246,0.00048813,9.6003,13.494,15.251,17.204,17.428,19.359,21.318,25.025,31.226,2
92,98,102,106,109,114,120,127,139,0.0000475,0.00007838,0.00009604,0.00013285,0.00018052,0.00021945,0.00027533,0.00038292,0.0008626,4.3177,11.565,13.303,13.569,15.262,17.244,19.195,23.088,28.978,2
0,2,14,24,36,43,55,66,83,0.0000080,0.00003046,0.00005161,8.42E-05,0.00012655,0.00016953,0.00019013,0.00021754,0.00027892,13.595,15.666,17.552,19.182,21.127,23.075,25.636,29.242,35.063,2
90,95,99,102,106,110,115,121,133,0.0000075,0.00001663,0.00004972,9.53E-05,0.00014665,0.00018034,0.0002053,0.00024091,0.00035985,11.73,13.685,15.264,15.64,17.4,17.595,19.396,21.148,25.227,2
113,118,123,126,130,134.7,140,146,157,0.0000158,0.00003050,0.00004305,5.11E-05,7.35E-05,0.00010195,0.00012726,0.00015742,0.00024873,9.385,11.339,11.339,11.348,11.733,13.295,13.616,15.445,15.66,2
110,113,116,119,122,125,130,137,151,0.0000363,0.00006287,0.00008808,0.00013032,0.00017412,0.00023261,0.00029376,0.00038199,0.00049658,9.3867,9.622,11.34,12.814,13.303,15.249,17.204,21.402,25.03,2
87,92,94,96,98,102,105,110,118,0.0000254,0.00005297,0.00006983,8.18E-05,9.21E-05,0.00011838,0.00015204,0.00020672,0.00024954,4.2034,13.328,17.205,19.159,21.122,23.464,25.227,26.98,29.13,2
88,93,97,99,102,106,109,115,123,0.0000038,0.00001723,0.00002943,4.30E-05,6.43E-05,8.95E-05,0.0001215,0.0001656,0.00025414,11.339,13.294,15.252,17.206,19.393,21.434,23.472,26.979,27.23,2
74.4,82,89,95,99,104,110,120,133,0.0000097,0.00001789,0.00002672,3.69E-05,5.64E-05,8.33E-05,0.0001331,0.00017333,0.00027112,13.49,15.447,17.451,19.551,21.393,23.077,23.464,25.079,27.251,2
85,90,94,98,102,106,111,118,131.8,0.0000259,0.00003494,0.00004863,6.98E-05,0.00010755,0.00012649,0.00016216,0.00019145,0.00025486,9.4044,11.36,13.31,15.697,19.191,21.328,23.462,26.985,28.935,2
20,25,28,33,36,42,47,53,65,0.0000125,0.00002557,0.00004297,5.58E-05,8.03E-05,9.49E-05,0.00013585,0.00015968,0.00020707,9.3899,13.305,15.25,17.223,19.365,23.074,25.024,25.239,31.086,2
96,100,105,108,112,116,122,130,140,0.0000331,0.00006879,0.00010270,0.00013594,0.00017156,0.0002091,0.00028126,0.00033311,0.000431,9.3946,11.339,11.502,13.294,13.516,15.251,17.209,21.131,25.253,2
87,93,96,100,105,109,113,120,130,0.0000204,0.00003501,0.00004722,5.29E-05,7.49E-05,0.00010891,0.00014894,0.00020657,0.00028888,11.345,13.319,15.445,17.231,19.168,21.396,23.46,26.446,27.274,2
103,110,114,118,122,127,131,137.3,149,0.0000140,0.00003317,0.00005972,9.20E-05,0.00010908,0.000184,0.00028658,0.00044709,0.00071317,9.3869,11.457,13.296,13.733,15.253,17.204,17.406,19.356,19.788,2
96,103,108,113,117,123,128,136,148,0.0000210,0.00003737,0.00007593,0.00010432,0.00013761,0.00018283,0.00020282,0.00028374,0.00046207,11.343,15.278,17.217,17.55,21.117,23.353,27.285,29.319,31.183,2
91,98,103,106,110,114,120,127,138,0.0000108,0.00004769,0.00008178,0.00010223,0.00013176,0.00014741,0.00019895,0.00030503,0.00060096,7.6055,13.3,15.64,19.55,21.508,25.09,26.98,28.935,29.149,2
105,109,116,118,122,127,133,140,151,0.0000146,0.00001993,0.00003386,4.80E-05,7.62E-05,0.00011151,0.00016914,0.00045012,0.00097075,10.577,17.485,23.078,25.059,27.011,27.374,30.91,33.058,35.019,2
39,48,54,60,64,73,79,89,106,0.0000137,0.00002247,0.00003273,4.68E-05,6.78E-05,0.0001061,0.00013284,0.00017617,0.00026594,11.341,13.721,15.64,15.66,17.401,19.554,21.349,25.034,28.935,2
81,87,93,96,101,107,112,118,128,0.0000104,0.00003495,0.00005736,9.31E-05,0.00014575,0.00016027,0.00021003,0.00028243,0.00035635,10.687,13.703,15.646,17.597,20.001,23.126,25.502,28.999,29.419,2
56,64,71,78,85,92,102,114,131,0.0000242,0.00003344,0.00004263,8.07E-05,0.0001086,0.00015528,0.00018819,0.00021434,0.00050582,9.7753,15.651,17.646,19.598,23.099,25.087,27.018,27.463,32.069,2
61,68,73,78,83,89,96,103,115,0.0000529,0.00008945,0.00011038,0.00013958,0.00018818,0.00024087,0.00037,0.00059817,0.0010114,8.2974,13.67,19.487,21.225,22.987,25.177,27.293,29.168,31.289,2
69,76,82,85,90,95,100,108.6,123,0.0000083,0.00003425,0.00005682,9.90E-05,0.00012553,0.00015976,0.00021518,0.00031001,0.00047898,10.59,11.844,15.695,19.248,21.342,23.394,25.422,27.389,29.265,2
88,93,99,105,112,121,131,147,172,0.0000167,0.00005461,0.00010131,0.00014985,0.00020579,0.00027966,0.00035137,0.00048778,0.00079368,8.4001,11.341,11.683,13.329,13.769,15.601,19.373,25.225,27.371,2
96,101,104,108,110,113,117,121,129,0.0000212,0.00003094,0.00004850,6.89E-05,9.82E-05,0.00013294,0.00019007,0.00030887,0.00057856,9.4581,13.294,15.279,19.161,21.116,21.536,23.278,25.22,27.242,2
95,100,105,108,111,115,120,125,135,0.0000220,0.00004026,0.00005011,7.19E-05,9.05E-05,0.00010868,0.0001751,0.0002474,0.00043812,11.339,13.298,17.598,19.55,19.554,23.144,25.223,28.935,32.85,2
89,95,100,106,112,121,132,148,172,0.0000330,0.00006811,0.00011707,0.00016742,0.00019839,0.00024872,0.00031186,0.00039269,0.0005335,9.8261,11.686,13.59,15.322,15.663,17.601,19.556,23.471,29.326,2
78,85.6,94,101,115,128,141,154,175,0.0000243,0.00004864,0.00006065,9.95E-05,0.00013095,0.00016052,0.00019449,0.00029341,0.00037439,12.242,15.274,15.681,17.223,17.595,19.21,21.212,21.626,23.473,2
96,103,108,113,116,121,127,135,148,0.0000403,0.00007187,0.00009835,0.00013987,0.00017966,0.00020096,0.00030702,0.00042249,0.00067479,11.383,15.249,15.445,17.239,19.203,21.363,25.058,27.175,29.114,2
110,117,122,127,131,135,141,148,161,0.0000636,0.00010083,0.00013563,0.00019154,0.00021692,0.00026777,0.00028795,0.00033316,0.00040885,9.8652,13.685,15.252,16.159,19.169,22.778,23.422,25.416,27.576,2
114,121,125,129,134,138,144,150,163.8,0.0000207,0.00004687,0.00005970,0.00010355,0.00015893,0.00021743,0.00027924,0.00040127,0.00064791,11.391,13.689,15.652,17.599,19.348,21.121,21.509,23.301,26.992,2
91,98,101,105,108,111,115,119,125,0.0000329,0.00006366,0.00007078,0.0001076,0.00013136,0.00017453,0.00023803,0.00028313,0.00043381,9.387,11.345,13.296,13.398,15.253,15.451,17.211,17.257,19.177,2
94,99,103,107,111,116,122,130,141,0.0000050,0.00000859,0.00001339,2.53E-05,4.90E-05,0.0001054,0.0001756,0.00032206,0.00043319,13.627,15.46,17.204,17.332,19.163,21.115,23.069,23.083,25.025,2
99,107,115,121,127,135,145,157,176,0.0000295,0.00004729,0.00007023,0.00010637,0.00013547,0.00017184,0.00020801,0.00025576,0.00037134,11.748,13.694,15.335,17.206,19.17,21.121,23.071,25.046,27.27,2
109,116,121,125,129,135,140,147,160,0.0000122,0.00002507,0.00004210,6.66E-05,8.59E-05,0.00012831,0.00021957,0.00033972,0.0005882,7.4292,11.817,17.405,17.595,19.364,22.367,25.261,29.131,31.089,2
100,105,111,115,119,123,127,135,146,0.0000274,0.00004587,0.00005793,7.78E-05,0.00011596,0.00015559,0.00020497,0.0002513,0.00040863,9.4031,13.315,15.313,17.504,19.434,21.505,23.265,25.037,26.989,2
75,83,87,93,98,102,108,116,126,0.0000266,0.00004197,0.00006942,9.13E-05,0.00011428,0.0001417,0.00023821,0.00034522,0.00056011,11.339,13.294,14.137,15.643,17.43,21.116,23.069,23.3,25.039,2
0,0,0,4,10,19,28,41,61,0.0000045,0.00002506,0.00004269,6.58E-05,0.00010193,0.00014927,0.00019477,0.00032402,0.00044415,15.659,17.615,19.432,21.117,21.411,23.074,23.427,25.313,29.511,2
67,76,82,88,93,99,106,114,126,0.0000214,0.00003877,0.00005745,7.87E-05,0.00014893,0.00022332,0.00032341,0.00041127,0.00083081,11.73,15.648,17.668,21.124,23.131,25.37,27.311,29.039,31.4,2
0,0,12,24,36,48,60,78,105,0.0000353,0.00004946,0.00007611,0.0001271,0.00020928,0.00027915,0.00036823,0.0005709,0.00077563,15.83,19.254,21.127,23.373,25.338,27.061,28.935,30.893,36.967,2
57,65,72,78,87,95,105,115,132,0.0000354,0.00005721,0.00008993,0.00012984,0.00016952,0.0002171,0.00027838,0.00034296,0.00041471,9.7752,11.348,13.294,15.25,17.204,19.159,21.18,25.039,27.37,2
101,109,113,118,123,128,132,138,148,0.0000197,0.00004624,0.00005684,8.74E-05,0.00013206,0.00015975,0.00018569,0.00034131,0.00049068,9.801,15.249,17.523,19.537,21.136,23.07,23.386,27.178,29.138,2
0,0,0,0,0,0,0,0,0,0.0000278,0.00005270,0.00007967,9.67E-05,0.0001222,0.00015798,0.00020914,0.00028215,0.00040071,11.73,15.369,17.28,19.225,21.31,23.102,23.502,25.415,29.131,2
255,255,255,255,255,255,255,255,255,0.0000122,0.00002782,0.00004337,6.65E-05,9.95E-05,0.00011134,0.00017674,0.00021784,0.0003148,11.731,15.324,17.42,19.159,19.45,21.156,23.069,23.072,23.266,2
0,0,0,0,0,0,0,0,0,0.0000180,0.00003763,0.00005775,8.01E-05,0.00011402,0.0001957,0.00024473,0.00031201,0.00057078,11.424,13.294,13.747,15.557,17.216,17.637,19.389,21.31,23.086,2
92,99,104,108,112,117,123,129,140,0.0000362,0.00004752,0.00007676,0.00011451,0.0001796,0.0002413,0.00028298,0.00033555,0.00052993,11.624,13.301,15.635,19.173,19.557,21.31,23.276,25.22,25.425,2
68,74,78,82,85,91,96,103,117,0.0000231,0.00004519,0.00007273,9.90E-05,0.00012656,0.00016425,0.00022882,0.00030864,0.00062097,7.8209,11.741,13.685,15.64,17.519,19.171,19.55,21.531,23.477,2
0,0,0,0,0,0,0,255,255,0.0000627,0.00009701,0.00012723,0.00014325,0.00021117,0.00027275,0.00034913,0.00041896,0.00061382,6.5058,7.7933,9.4128,9.6934,11.351,11.861,15.445,17.765,21.505,2
91,97,102,107,110,115,119,125,132,0.0000131,0.00001947,0.00002941,3.99E-05,4.79E-05,6.81E-05,9.59E-05,0.00012957,0.00024671,13.732,17.435,19.526,21.31,23.134,25.099,27.277,29.132,31.295,2
86,94,100,104,108,113,120,126,137,0.0000096,0.00002656,0.00003914,5.14E-05,6.57E-05,0.00010414,0.00015607,0.00023451,0.00033092,13.649,15.45,15.674,17.513,19.427,21.431,23.187,25.233,31.118,2
89,95,99,103,107,111,115,122,132,0.0000063,0.00001041,0.00002561,3.40E-05,5.30E-05,8.26E-05,0.00012086,0.00016375,0.00023598,13.318,17.399,19.193,19.559,21.172,21.584,23.562,25.422,29.133,2
92,97,102,107,111,116,121,125,133,0.0000137,0.00002428,0.00003064,4.35E-05,6.28E-05,8.00E-05,0.00010502,0.00015223,0.00023689,13.689,17.4,18.779,21.31,23.159,23.5,25.299,25.521,27.312,2
106,114,120,126,132,140,148,157,173,0.0000152,0.00003624,0.00005547,6.87E-05,8.86E-05,0.00012811,0.00016192,0.00022198,0.00033797,13.306,17.223,21.114,23.099,26.443,29.14,31.264,33.183,36.755,2
103,110,115,121,124,131,138,147,166,0.0000177,0.00003780,0.00006127,0.00010504,0.00012454,0.00016297,0.00019161,0.00028114,0.00054849,11.751,15.259,17.595,19.557,23.265,25.248,27.203,30.907,34.807,2
102,111,117,123,128,136,145,153,171,0.0000117,0.00003617,0.00005321,7.29E-05,9.76E-05,0.00013133,0.00016692,0.00020577,0.00034016,11.73,13.724,17.213,19.969,23.115,25.229,27.237,30.891,32.846,2
94,105,112,118,124,130,136,143,155,0.0000213,0.00004024,0.00007513,0.00011496,0.00016485,0.00022788,0.00029658,0.00044262,0.00073558,10.654,13.686,15.64,17.43,19.313,19.459,19.552,21.099,23.434,2
96,103,108,112,117,121,128,135,147,0.0000344,0.00007410,0.00011551,0.0001614,0.00023297,0.00028478,0.00038004,0.00051734,0.00079767,11.535,15.445,17.4,19.362,25.22,25.448,27.177,29.131,31.085,2
95,101,105,110,114,118,124,131,146,0.0000204,0.00003796,0.00006304,0.00010517,0.00014341,0.00020498,0.00026846,0.0003249,0.00042589,15.336,18.433,21.118,23.289,27.175,29.141,33.04,33.083,35.01,2
96,102,106,110,116,121,126,134,147,0.0000183,0.00004335,0.00007052,0.00010271,0.00014747,0.00020023,0.00025842,0.0003426,0.00045072,15.277,17.244,19.182,21.357,29.13,31.087,31.179,33.044,34.995,2
255,255,255,255,255,255,255,255,255,0.0000154,0.00004801,0.00006655,9.19E-05,0.00013484,0.0001738,0.00023318,0.0003085,0.00043504,15.249,17.613,19.561,21.317,23.083,25.027,25.061,26.982,27.144,2
85,93,99,104,110,116,122,130,141,0.0000295,0.00005969,0.00007999,9.61E-05,0.00012361,0.00015435,0.00021113,0.00030381,0.00054925,11.361,13.311,13.689,15.53,17.256,19.172,21.128,23.069,23.657,2
100.4,105,109,112,116,119,123,128,137,0.0000108,0.00002529,0.00005079,6.67E-05,8.81E-05,0.00011402,0.00014443,0.0002861,0.00088831,11.339,15.249,19.161,21.138,21.552,23.504,25.911,28.858,30.89,2
0,0,0,0,0,0,0,138,255,0.0000187,0.00006077,0.00012439,0.00015993,0.00020042,0.00024827,0.00029959,0.00049075,0.00082626,5.7322,7.4343,7.6576,8.0206,9.4925,9.7836,11.625,15.249,17.21,2
0,0,58,255,255,255,255,255,255,0.0000805,0.00011352,0.00014775,0.00019652,0.0002294,0.00027747,0.00035697,0.00048573,0.00080123,7.4297,7.4705,7.8345,9.3963,9.6423,11.339,11.612,15.556,19.183,2
88,95,100,104,108,112,118,125,135,0.0000121,0.00001952,0.00002637,5.00E-05,7.67E-05,0.000197,0.00025732,0.00036144,0.00056217,14.468,15.451,17.209,17.405,17.867,19.413,23.452,25.384,25.752,2
89,96,100,105,107,111,116,123,133,0.0000177,0.00002866,0.00004840,6.53E-05,0.00010558,0.00016026,0.00019074,0.00025211,0.0003795,13.296,15.249,15.326,17.207,17.448,19.368,19.951,23.297,27.282,2
106,113,119,123,128,133,139,147.3,161,0.0000301,0.00003842,0.00006059,8.74E-05,0.00013353,0.00022102,0.00025523,0.00060837,0.00080638,4.6243,15.249,15.64,17.465,19.471,21.737,23.265,25.035,25.389,2
87,93,98,102,107,111,115,122,132,0.0000190,0.00004179,0.00005255,8.57E-05,0.00012726,0.00014878,0.00018433,0.00021508,0.000278,13.696,15.647,17.454,19.366,21.344,23.083,23.311,25.025,25.307,2
105,112,118,122,126,131,137,144,155,0.0000097,0.00001712,0.00002557,3.68E-05,6.52E-05,0.00011767,0.0001768,0.00028228,0.00072199,7.8432,15.249,17.204,19.159,19.38,21.124,23.07,23.273,25.035,2
64,72,77,83,87,95,100,109,123,0.0000683,0.00010122,0.00011786,0.0001539,0.000173,0.00020885,0.00037555,0.00087286,0.0014948,5.8987,9.9191,15.25,19.159,21.13,23.089,25.028,28.966,35.411,2
85,90,93,97,100,106,116,131,146,0.0000332,0.00004688,0.00007620,9.74E-05,0.00011615,0.0001496,0.00021518,0.0002666,0.00046368,7.4292,9.4119,13.294,13.294,13.572,15.64,19.551,26.741,30.913,2
74,81,88,93,99,104,111,120,131,0.0000133,0.00003596,0.00004607,5.93E-05,8.70E-05,0.00011671,0.00017592,0.00030952,0.00042663,13.528,15.445,17.4,17.598,19.543,21.505,23.297,25.22,25.442,2
91,97,104,110,117,122,129,136,149,0.0000292,0.00003777,0.00005415,7.03E-05,0.00011177,0.00013781,0.00017924,0.00025545,0.00053214,7.8362,13.49,15.64,17.605,19.554,21.506,23.372,23.46,25.383,2
22,40,53,63,73,81,91,104,130,0.0000308,0.00004879,0.00005278,7.89E-05,0.00010525,0.00017927,0.00025334,0.00034028,0.00045448,13.294,13.386,15.249,15.327,17.207,19.357,23.071,25.186,29.137,2
91,96,100,104,107,112,116,122,132,0.0000129,0.00002434,0.00004384,6.62E-05,7.65E-05,0.00011375,0.00014313,0.00026607,0.0004183,13.395,15.192,15.669,19.198,21.505,23.46,25.22,27.046,27.308,2
106,112,118,123,128,133,139,146,158,0.0000087,0.00003094,0.00005133,6.75E-05,9.32E-05,0.000144,0.0002109,0.00027059,0.0004801,15.249,17.204,19.159,21.114,21.343,22.982,23.461,25.41,26.983,2
0,0,0,0,0,0,0,0,0,0.0000462,0.00007678,0.00012503,0.00017292,0.00022225,0.00027002,0.00039883,0.00051652,0.00082983,5.4741,5.8154,7.4291,7.6975,9.3848,11.339,13.345,15.766,19.16,2
91,98,103,108,114,119,124,132,144,0.0000311,0.00006142,0.00009399,0.00010509,0.00014682,0.00020252,0.00026718,0.0004432,0.00064924,7.2932,13.294,15.294,17.595,19.539,21.182,23.265,23.465,28.956,2
92,98,104,108,113,117,122,129,138,0.0000171,0.00002578,0.00004651,6.34E-05,8.68E-05,0.00013217,0.00018442,0.00026531,0.00036472,13.294,15.251,15.66,17.422,19.356,21.31,21.505,23.267,23.46,2
95,101,103,107,110,114,118,123,135,0.0000332,0.00004865,0.00005991,8.53E-05,0.00011525,0.00017259,0.00023947,0.00042885,0.00082508,7.7794,11.815,15.26,17.42,21.139,23.238,25.221,27.177,29.13,2
90,103,111,118,124,129,136,145,164,0.0000245,0.00004562,0.00008172,9.85E-05,0.00011723,0.00014694,0.00018167,0.00021837,0.00043951,9.6082,13.49,13.771,17.321,19.55,21.507,23.46,25.083,27.039,2
103,111,117,122,127,132,138,145,158,0.0000222,0.00004027,0.00006000,7.81E-05,0.00010826,0.00013756,0.00017131,0.00025894,0.00046381,9.6359,14.966,17.444,19.373,21.306,23.08,23.298,25.041,26.983,2
104,115,122,128,133,140,147,155,172,0.0000158,0.00003554,0.00005504,6.61E-05,7.50E-05,0.00011542,0.0001748,0.0001962,0.00036944,9.393,15.258,17.207,17.307,18.971,19.37,21.132,23.275,25.433,2
100.6,111,118,124,129,135,140,147,160,0.0000153,0.00003556,0.00006265,8.45E-05,9.29E-05,0.00011906,0.00015997,0.00023594,0.00032104,11.445,13.559,15.643,17.648,21.141,23.46,23.464,25.416,27.426,2
99,104,109,113,119,123,127,135,148,0.0000055,0.00001635,0.00003862,7.26E-05,9.92E-05,0.0001195,0.00014753,0.00019224,0.00034307,11.416,15.677,19.177,19.558,21.313,23.074,23.091,25.026,28.959,2
100,105,111,115,118,124,130,139,154,0.0000182,0.00003654,0.00006019,7.99E-05,9.44E-05,0.00011909,0.00015698,0.00020514,0.00028663,9.4737,13.686,15.652,17.354,19.2,21.583,25.032,26.971,28.952,2
0,2,8,15,21,30,37,49,71,0.0000312,0.00004850,0.00008310,0.00012705,0.00014434,0.00017235,0.00022064,0.00026381,0.00058664,9.9481,13.314,15.462,17.42,19.373,20.38,23.266,25.22,25.416,2
93,98,102,105,108,111,115,120,129,0.0000127,0.00002724,0.00003534,7.32E-05,9.82E-05,0.00013364,0.00021994,0.00027457,0.00051653,11.535,15.373,17.595,19.541,21.351,23.292,25.22,25.275,27.364,2
0,0,0,0,8,15,25,35,58,0.0000589,0.00007511,0.00012262,0.00014618,0.00019397,0.00024986,0.00034259,0.0004549,0.00062926,13.294,15.445,17.204,17.617,21.349,25.025,26.155,27.181,29.13,2
7,15,21,27,33,40,48,58,76,0.0000288,0.00007251,0.00010018,0.00015137,0.00020171,0.00022519,0.00034016,0.00044828,0.00063083,9.4403,11.752,15.254,17.601,19.555,21.134,23.079,23.463,25.416,2
97,102,107,111,115,119,125,132,143,0.0000049,0.00000947,0.00001618,2.86E-05,6.80E-05,7.96E-05,0.00011886,0.00034754,0.00077509,13.685,17.508,19.425,21.533,23.577,25.435,27.286,29.305,35.234,2
87,92,99,105,112,118,125,135,149,0.0000165,0.00003634,0.00006358,7.53E-05,9.77E-05,0.00012963,0.00025775,0.00034662,0.00060961,11.73,13.544,15.446,16.371,19.355,21.142,23.265,25.22,26.98,2
109,115,121,124,130,135,140,148,162,0.0000219,0.00004394,0.00006237,0.0001016,0.00016446,0.00023553,0.00032719,0.00045741,0.00073536,7.4581,13.294,13.404,15.641,19.561,23.461,25.416,27.429,31.125,2
0,0,0,0,0,0,0,16,255,0.0000426,0.00007864,0.00009662,0.00014216,0.00017014,0.00020484,0.00024149,0.00030419,0.00046545,7.8208,9.5792,9.7878,11.34,11.409,11.667,11.778,13.686,15.64,2
0,0,0,0,0,0,0,8,36,0.0000258,0.00007628,0.00010464,0.00011986,0.00015769,0.00018833,0.00024612,0.00029801,0.00035187,9.3917,13.296,13.588,15.448,17.206,19.355,21.115,23.069,23.265,2
87,94,99,106,111,117,123,132,144,0.0000186,0.00003338,0.00005396,6.72E-05,8.31E-05,0.00011223,0.00014673,0.00019146,0.00031445,11.398,11.76,13.689,15.658,17.598,19.442,21.388,23.479,27.377,2
87,97,104,111,116,123,130,139,153,0.0000038,0.00001092,0.00002160,2.65E-05,4.29E-05,6.67E-05,9.60E-05,0.00014079,0.00021626,11.539,13.173,13.738,15.643,17.458,17.609,19.186,21.122,23.33,2
29,39,44,52,58,64,74,84,104,0.0000341,0.00005249,0.00005882,6.94E-05,9.45E-05,0.0001538,0.00019736,0.00024545,0.00044993,7.7873,13.739,17.364,19.485,21.506,25.059,26.99,27.265,32.845,2
108,115,122,127,133,140,146,155,166.2,0.0000049,0.00000710,0.00001596,3.65E-05,5.37E-05,7.78E-05,0.00015519,0.00024888,0.00042549,9.7175,11.538,11.756,13.309,15.25,15.264,15.81,17.216,19.161,2
94,99,102,106,110,113,118,125,138.8,0.0000433,0.00006993,0.00010047,0.0001476,0.00017817,0.00021224,0.00031026,0.000357,0.00083913,13.306,17.204,21.114,23.07,25.537,29.275,33.045,34.995,36.762,2
119,126,130,136,141,145,152,159,172,0.0000207,0.00004341,0.00007491,8.78E-05,0.00011185,0.00015561,0.0002063,0.00032752,0.00068253,4.0225,11.84,15.26,17.6,21.137,23.12,25.057,27.329,30.917,2
24,37,45,53,60,67,78,91,114,0.0000096,0.00002713,0.00003957,5.20E-05,6.78E-05,9.21E-05,0.0001224,0.00020132,0.00039593,7.8994,15.552,17.232,17.597,19.176,21.116,21.372,23.08,25.052,2
29,39,47,54,60,66,75,89,110,0.0000171,0.00003233,0.00005301,6.91E-05,8.49E-05,0.00011635,0.00017123,0.00020896,0.00043791,11.583,15.43,17.31,19.237,21.152,23.317,25.051,26.988,29.034,2
99,107,113,121,130,140,149,160,179,0.0000139,0.00002355,0.00003069,3.89E-05,5.37E-05,7.84E-05,0.0001272,0.00017006,0.00023974,13.314,15.64,17.219,17.479,19.356,21.367,25.026,25.291,28.97,2
104,108,112,115,119,122,128,135,149,0.0000363,0.00006484,0.00007556,9.92E-05,0.00012373,0.00016483,0.00020674,0.00029337,0.00035853,12.177,17.596,19.407,21.115,23.069,23.147,25.038,25.118,27.067,2
101,105,109,113,116,119,123,128,138,0.0000245,0.00006561,0.00008640,9.83E-05,0.00013743,0.00015442,0.00020738,0.00026429,0.00038456,13.398,19.488,21.2,23.106,23.529,25.172,26.979,28.935,28.973,2
47,57,64,70,77,83,90,100,111,0.0000319,0.00003838,0.00004133,5.33E-05,8.33E-05,0.0001194,0.00016772,0.00022592,0.00033212,11.34,11.743,15.549,19.55,23.461,27.195,29.139,30.896,32.845,2
0,255,255,255,255,255,255,255,255,0.0000322,0.00007981,0.00016330,0.00021995,0.00026758,0.00038205,0.00045035,0.00056975,0.00086026,7.4497,7.953,9.4262,11.345,13.296,13.959,15.625,19.194,21.475,2
0,0,0,0,0,0,0,188,255,0.0000498,0.00014956,0.00022602,0.00030405,0.00033926,0.00038294,0.00042699,0.00052147,0.00079316,7.3236,7.5645,7.9331,9.6508,11.351,11.73,15.445,17.212,19.431,2
104,112,119,124,128,134,141,149,160,0.0000176,0.00003372,0.00004465,4.97E-05,7.52E-05,0.00011011,0.00016769,0.00036418,0.00066368,6.1434,13.688,15.639,17.617,19.228,21.198,23.273,26.98,27.178,2
102,109,113,119,125,131,137,146,160,0.0000126,0.00002372,0.00006427,9.21E-05,0.0001463,0.00023912,0.00036361,0.00051232,0.00077736,5.4769,13.294,15.495,17.449,19.182,19.55,21.514,25.211,25.509,2
74,80,83,87,91,94,98,103,112,0.0000038,0.00000973,0.00002002,3.48E-05,5.61E-05,9.18E-05,0.0001151,0.00016762,0.00026501,13.775,16.201,19.254,19.721,21.526,23.47,25.43,27.391,29.451,2
6,24,42,59,104,127,149,172,216,0.0000059,0.00001277,0.00002055,2.96E-05,3.94E-05,6.17E-05,9.81E-05,0.00015265,0.00028047,15.254,17.21,17.437,19.356,21.313,23.069,25.028,25.527,27.443,2
19,30,38,109,146,165,187,209,239,0.0000063,0.00001523,0.00002765,4.76E-05,7.30E-05,9.19E-05,0.00012785,0.00017226,0.00025718,11.836,13.709,15.639,15.663,17.596,19.373,21.14,23.516,33.236,2
0,3,19,35,61,157,195,238,255,0.0000066,0.00001385,0.00002347,3.52E-05,5.52E-05,7.78E-05,0.00011562,0.00016039,0.00028824,15.534,17.486,18.516,19.453,19.619,21.513,23.398,23.5,25.454,2
42,117,127,137,147,157,170,183,206,0.0000138,0.00002882,0.00004485,6.20E-05,8.66E-05,0.00011567,0.00015515,0.00020601,0.00028379,23.069,25.369,27.378,29.328,31.103,31.603,33.372,37.194,43.021,2
71,76,79,82,87,91,95,102,113,0.0000081,0.00001771,0.00002887,4.04E-05,6.16E-05,8.53E-05,0.00010683,0.00014595,0.00019408,15.721,21.477,25.079,28.938,30.894,32.846,36.756,41.01,44.617,2
77,81,83,85,88,90,93,97,102,0.0000179,0.00003012,0.00004621,7.90E-05,0.00011827,0.00016674,0.0002329,0.00036437,0.00048739,17.595,19.597,23.032,28.383,35.076,39.489,43.114,48.871,56.539,2
75,78,83,87,88,93,97,104,114,0.0000087,0.00001949,0.00003089,4.32E-05,6.37E-05,9.28E-05,0.00014504,0.00027299,0.00042916,13.663,15.612,17.596,19.581,23.463,33.248,41.058,50.852,58.655,2
76,83,88,92,97,102,107,115,128,0.0000147,0.00004026,0.00007234,0.00010644,0.0001468,0.00018533,0.00025417,0.00034474,0.00053552,13.294,15.52,19.397,26.999,33.465,36.997,48.68,58.313,66.097,2
83,89,93,97,101,106,110,118,130.6,0.0000215,0.00004525,0.00007569,0.00010715,0.00015047,0.00020282,0.00027513,0.00038596,0.0005769,11.611,17.597,21.283,23.47,25.843,32.847,38.396,41.828,48.897,2
76,82,86,89,91,95,98,104,113,0.0000175,0.00004180,0.00007118,0.0001146,0.00014818,0.0001825,0.00024681,0.00032536,0.00046302,11.73,13.731,19.669,25.241,29.135,33.125,40.86,46.859,52.395,2
80,86,92,97,102,107,113,121,135,0.0000141,0.00002832,0.00004766,6.71E-05,8.72E-05,0.0001228,0.00016265,0.00025369,0.00044321,19.374,23.298,25.22,27.407,34.997,39.004,42.877,46.727,48.545,2
92,101,108,112,119,126,133,145,166,0.0000166,0.00002721,0.00004008,5.90E-05,8.67E-05,0.00013053,0.00018085,0.00023391,0.00035862,10.316,15.424,19.167,21.13,23.173,28.938,34.997,38.905,40.86,2
69,74,77,81,82,85,89,93,100,0.0000073,0.00001452,0.00002499,4.44E-05,6.72E-05,0.00012909,0.00018393,0.00025374,0.00053444,11.774,21.195,27.481,34.821,39.937,44.631,48.541,52.615,54.624,2
77,82,86,90,93,99,104,110,122,0.0000113,0.00002572,0.00004343,6.18E-05,8.48E-05,0.00011239,0.00016551,0.00026929,0.00046765,13.814,17.396,25.05,29.226,34.834,36.803,38.905,42.819,46.746,2
92,100,105,111,116,124,129,138,149,0.0000104,0.00002578,0.00003990,6.09E-05,8.80E-05,0.00012287,0.00017797,0.00024075,0.0004004,9.7183,15.641,17.654,23.106,30.929,36.759,42.625,46.606,48.734,2
89,104,111,119,126,131,142,152,172,0.0000156,0.00002981,0.00004734,5.80E-05,7.94E-05,0.00010154,0.0001312,0.0001782,0.00030128,11.73,13.748,15.794,19.552,23.498,25.543,29.13,38.736,46.569,2
81,88,91,96,101,105,112,120,134,0.0000491,0.00007924,0.00010689,0.00013733,0.00018114,0.00024163,0.0003519,0.00044812,0.00070799,15.446,19.159,20.563,22.814,25.702,29.33,32.864,35.288,41.027,2
85,93,99,103,108,114,120,128,146,0.0000107,0.00002133,0.00003813,5.60E-05,8.89E-05,0.0001744,0.00030857,0.00055628,0.00085175,15.653,18.682,21.117,23.271,25.354,25.489,27.24,28.785,30.912,2
72,77,80,85,88,92,97,103,113,0.0000150,0.00003020,0.00005999,8.15E-05,0.000105,0.00014139,0.00020813,0.00032175,0.00060458,13.691,17.217,19.182,20.878,21.545,23.997,27.031,28.967,35.204,2
100,110,117,122,127,134,140,148,163,0.0000080,0.00001824,0.00003245,5.31E-05,8.26E-05,0.00012362,0.00016128,0.00023549,0.00033374,13.298,15.653,19.161,21.139,25.054,30.521,34.846,38.771,41.374,2
88,100,107,116,123,132,142,156,179,0.0000134,0.00003304,0.00005823,9.30E-05,0.00013114,0.00019342,0.00030321,0.00036383,0.00048248,11.732,13.712,15.447,15.814,17.431,19.15,21.505,29.374,36.652,2
78,84,87,91,95,99,105,111,122,0.0000114,0.00002305,0.00003710,5.61E-05,7.70E-05,9.49E-05,0.00013323,0.0001933,0.00027673,19.55,21.375,23.322,25.489,28.955,31.143,33.236,39.103,45.077,2
80,86,91,94,100,105,109,116,126,0.0000108,0.00002867,0.00005416,7.61E-05,9.87E-05,0.00016354,0.00019862,0.00026956,0.00063635,13.806,17.464,17.65,19.437,19.597,21.426,21.808,25.642,29.352,2
89,97,105,110,118,123,131,144,163,0.0000257,0.00004860,0.00006549,8.25E-05,0.00010757,0.00016686,0.00023689,0.00032544,0.00053437,17.204,19.166,21.128,25.12,28.95,30.895,33.091,39.827,44.861,2
15,20,31,43,56,128,159,192,233,0.0000234,0.00004845,0.00007869,0.00011697,0.00015946,0.00020367,0.00024424,0.00032108,0.00048366,11.964,15.513,19.527,23.463,27.547,31.292,35.198,39.537,46.796,2
76,81,85,88,93,96,101,106,116,0.0000061,0.00002012,0.00003467,5.14E-05,6.99E-05,0.00010911,0.00016076,0.00031902,0.00072327,21.803,25.44,29.207,30.944,33.072,36.82,43.022,48.88,54.791,2
73,80,85,90,95,100,108,118,141,0.0000070,0.00001529,0.00002648,4.00E-05,6.17E-05,9.98E-05,0.00016366,0.00029635,0.0004594,17.496,21.138,21.529,23.573,27.525,31.209,31.395,35.191,37.154,2
70,75,79,83,86,90,94,97,106,0.0000104,0.00002656,0.00004240,6.10E-05,8.71E-05,0.00011181,0.00014934,0.00021919,0.00037116,15.544,19.159,19.768,21.401,23.095,25.053,27.175,31.085,40.86,2
78,85,91,95,101,105,111,117,129,0.0000102,0.00002512,0.00004843,7.74E-05,0.00010082,0.0001565,0.00020494,0.00030934,0.00058856,15.64,18.221,21.116,25.024,28.958,32.878,34.81,38.971,46.534,2
69,73,78,82,84,89,92,98,106,0.0000123,0.00002632,0.00003957,5.20E-05,8.30E-05,0.00012013,0.00016211,0.00031264,0.00047831,15.484,18.851,21.352,25.026,28.935,31.118,36.757,38.943,44.799,2
83,87,90,94,96,100,106,111,125,0.0000364,0.00007433,0.00011236,0.00014219,0.00017458,0.00024269,0.00035046,0.00050087,0.00084694,15.262,19.877,23.082,25.052,28.937,31.22,35.036,44.963,56.455,2
91,102,107,114,120,125,130,137,150,0.0000034,0.00000621,0.00001049,1.68E-05,3.01E-05,4.80E-05,7.43E-05,0.00013897,0.00024354,15.254,15.691,17.222,17.663,19.55,21.155,21.52,23.461,25.416,2
88,95,99,102,107,110,115,121,133,0.0000195,0.00004644,0.00008107,0.00011464,0.00013543,0.00016173,0.00020136,0.0003169,0.00063094,13.716,17.219,19.207,21.199,23.307,25.452,28.14,36.768,44.628,2
86,93,100,104,109,116,123,132,146,0.0000338,0.00007176,0.00010217,0.00016658,0.00022946,0.00027736,0.00038635,0.00053451,0.00089612,13.49,17.412,21.183,25.024,26.98,28.975,33.084,38.722,44.84,2
105,114,122,128,133,139,145,154,169,0.0000104,0.00002406,0.00003932,6.21E-05,9.67E-05,0.00013629,0.00019116,0.00028887,0.00047594,15.495,17.606,19.564,21.554,25.481,31.264,38.73,44.591,50.652,2
71,77,81,84,88,92,97,103,112,0.0000063,0.00001367,0.00003270,5.38E-05,7.65E-05,0.00010681,0.00021752,0.0003258,0.00050797,15.855,17.873,23.674,25.694,28.604,32.859,38.336,45.472,49.605,2
91,96,101,105,108,113,118,125,135,0.0000150,0.00003243,0.00005536,6.87E-05,8.87E-05,0.00012539,0.00017096,0.00027524,0.0003829,13.834,21.143,23.265,26.994,33.33,40.9,44.791,50.44,52.662,2
75,79,84,89,93,98,102,109,121,0.0000057,0.00001355,0.00002925,4.64E-05,7.88E-05,0.00011126,0.00013824,0.00023872,0.00048388,11.952,21.668,26.981,30.898,33.052,36.385,38.734,40.954,54.547,2
81,89,95,102,108,114,123,135,154,0.0000178,0.00003431,0.00006582,9.65E-05,0.00015444,0.00021735,0.00034891,0.00048069,0.00075224,21.224,23.091,24.035,27.679,32.87,36.82,41.018,44.917,58.725,2
78,84,89,93,97,103,108,116,129,0.0000212,0.00004210,0.00006978,0.0001066,0.00013854,0.00018233,0.00025731,0.00036856,0.00074347,13.924,15.648,17.21,19.159,21.114,23.275,27.181,29.056,31.341,2
37,97,106,112,118,124,130,139,151,0.0000267,0.00005514,0.00009049,0.00013327,0.00019549,0.00025648,0.00031977,0.00040116,0.00054641,15.686,17.614,19.55,21.506,23.485,29.149,38.939,52.702,60.415,2
74,79,83,86,90,93,97,102,112,0.0000073,0.00001853,0.00003232,4.54E-05,6.59E-05,8.25E-05,0.00011614,0.00016453,0.0002849,15.64,17.626,19.594,21.594,23.388,25.063,27.181,29.336,37.146,2
72,78,83,87,91,95,102,108,121,0.0000044,0.00000975,0.00001786,2.88E-05,4.04E-05,5.68E-05,9.12E-05,0.00013159,0.00026924,19.467,21.337,21.515,23.105,23.461,25.085,25.432,27.37,29.326,2
77,85,88,92,96,102,107,115,128,0.0000269,0.00005696,0.00008323,0.0001153,0.00016337,0.00024276,0.00031156,0.00038997,0.00051741,17.75,22.271,23.759,26.877,30.996,35.142,37.238,44.97,54.768,2
28,64,88,98,107,115,128,145,172,0.0000278,0.00005557,0.00008034,0.00011336,0.00015579,0.00025041,0.00033732,0.0005156,0.00092381,12.09,14.134,15.555,17.206,17.814,19.16,19.203,21.114,23.069,2
76,80,84,89,93,99,105,111,124,0.0000058,0.00001390,0.00002406,4.86E-05,7.05E-05,0.00010463,0.00016069,0.00025226,0.0004242,13.804,19.55,24.068,27.398,31.086,33.108,35.326,40.912,46.555,2
63,68,72,77,82,87,93,98,109,0.0000098,0.00002012,0.00003573,4.91E-05,6.71E-05,9.17E-05,0.00013361,0.00018151,0.00034214,19.753,23.712,29.093,32.845,34.887,40.702,46.638,52.398,56.354,2
66,69,73,76,79,83,86,93,107,0.0000037,0.00000711,0.00001382,2.31E-05,3.89E-05,5.98E-05,0.00011484,0.00018712,0.00030957,13.693,15.746,19.168,21.13,23.518,29.252,33.247,39.058,50.844,2
67,73,77,81,87,91,99,107,126,0.0000102,0.00002113,0.00003151,5.22E-05,7.09E-05,0.00013802,0.00018805,0.00034094,0.00084255,21.117,23.271,26.979,30.89,35.247,37.07,39.117,42.887,48.695,2
74,80,84,88,92,98,102,110,122,0.0000114,0.00002678,0.00003868,6.32E-05,0.00010267,0.00015017,0.0002549,0.00042157,0.00073961,16.549,23.075,25.413,28.972,36.621,39.189,41.134,44.988,52.668,2
60,66,71,74,79,81,87,95,108,0.0000202,0.00004438,0.00007529,0.00011459,0.00016254,0.00021957,0.0002923,0.00040457,0.00052509,13.308,15.643,19.165,19.749,21.121,21.435,23.078,25.224,29.177,2
76,81,86,90,95,100,105,114,126,0.0000226,0.00004387,0.00006417,9.34E-05,0.00011982,0.00015512,0.00020937,0.00029206,0.00054447,21.477,23.247,25.076,27.312,29.579,34.21,41.083,44.977,46.946,2
11,30,56,78,143,178,229,255,255,0.0000043,0.00000928,0.00001803,2.85E-05,4.12E-05,6.18E-05,8.60E-05,0.0001194,0.00019918,21.253,23.318,25.415,27.374,29.436,35.197,41.056,46.835,48.984,2
62,66,71,75,77,81,87,93,103,0.0000783,0.00016277,0.00024305,0.0003354,0.00047713,0.00065756,0.00082382,0.0010656,0.0016851,13.295,17.192,21.207,23.287,25.135,27.045,29.183,37.563,55.078,2
76,81,87,91,96,100,106,111,123,0.0000281,0.00005307,0.00008482,0.00010797,0.0001314,0.00016449,0.00019994,0.00031038,0.00061109,11.697,15.538,17.608,21.116,23.479,29.376,37.15,42.629,50.881,2
69,73,77,81,84,88,92,97,107,0.0000104,0.00001990,0.00002999,4.33E-05,6.12E-05,8.88E-05,0.00012877,0.00020604,0.00044607,15.256,17.209,17.678,19.438,21.505,25.048,27.371,31.104,33.253,2
12,16,27,34,48,140,191,231,255,0.0000066,0.00001687,0.00003074,4.68E-05,6.02E-05,8.56E-05,0.00012679,0.00018503,0.00033718,15.647,17.318,17.598,17.623,19.385,19.562,21.509,23.462,27.241,2
75,79,83,85,87,91,93,99,107,0.0000089,0.00002017,0.00003255,5.03E-05,6.87E-05,9.51E-05,0.00014205,0.00025626,0.00075066,15.641,19.551,23.13,29.18,35.184,41.07,46.927,50.854,52.818,2
73,78,81,84,85,88,93,98,109,0.0000055,0.00001473,0.00002777,5.38E-05,9.22E-05,0.00012237,0.00019758,0.00033777,0.00055185,15.708,17.626,19.553,21.505,23.46,25.259,27.259,29.152,38.734,2
0,0,3,15,27,39,51,69,82,0.0000072,0.00001726,0.00002473,3.90E-05,5.88E-05,9.27E-05,0.00013772,0.00021033,0.00032568,13.732,15.585,18.634,25.464,28.95,31.396,39.128,44.647,52.724,2
68,72,75,78,81,84,89,93,104,0.0000077,0.00002156,0.00003822,5.75E-05,8.43E-05,0.00011806,0.00020035,0.00028102,0.00038131,16.754,17.638,19.476,19.571,20.058,21.505,21.505,21.616,23.581,2
7,19,35,116,144,164,180,201,245,0.0000099,0.00002952,0.00004764,7.34E-05,0.00011274,0.00015969,0.00024752,0.00038741,0.00064375,14.435,15.658,17.409,17.879,19.55,21.505,21.533,25.416,29.332,2
69,77,83,88,93,98,104,110,121,0.0000066,0.00001514,0.00002260,3.42E-05,5.65E-05,8.48E-05,0.00012486,0.00021186,0.00036314,13.346,15.25,15.34,17.204,17.546,19.16,19.642,21.483,23.437,2
1,10,27,49,70,92,166,218,255,0.0000258,0.00005315,0.00009411,0.00012534,0.00017439,0.00023362,0.0002813,0.00039235,0.00057235,15.284,17.46,18.036,19.564,20.224,21.543,23.474,27.39,39.101,2
71,74,77,79,82,85,90,96,104,0.0000219,0.00005379,0.00007830,0.00012179,0.00017569,0.00023632,0.00033426,0.00048543,0.00075653,11.774,13.811,15.621,17.563,21.118,23.069,23.496,27.445,32.852,2
76,79,83,87,90,92,98,103,111,0.0000217,0.00004406,0.00006173,8.35E-05,0.00011236,0.0001663,0.00024113,0.00036361,0.00057085,15.249,19.159,19.692,21.511,23.381,25.482,29.13,30.89,33.009,2
22,34,87,107,117,130,147,175,200,0.0000116,0.00002757,0.00004115,6.51E-05,9.51E-05,0.0001179,0.00017896,0.00025883,0.00042346,13.685,15.342,15.662,17.6,19.551,23.461,27.392,35.193,43.03,2
69,73,76,79,80,83,87,91,100,0.0000086,0.00001959,0.00003298,5.11E-05,6.92E-05,8.16E-05,0.0001181,0.0001578,0.00027613,13.659,15.667,19.412,21.509,24.677,29.343,33.243,38.958,48.914,2
16,36,82,96,107,122,133,150,210,0.0000081,0.00001747,0.00003083,5.74E-05,9.40E-05,0.00014617,0.00021885,0.00032038,0.00045628,13.83,15.473,19.159,21.124,25.024,27.12,32.934,38.714,44.575,2
79,84,89,90,93,97,100,106,116,0.0000099,0.00001786,0.00003015,4.77E-05,8.44E-05,0.00012707,0.00017504,0.00024062,0.00036568,17.516,19.553,21.506,23.415,23.523,25.419,27.372,32.95,48.876,2
13,27,38,46,126,152,167,181,196,0.0000046,0.00000994,0.00001681,3.02E-05,5.54E-05,8.38E-05,0.00013897,0.00028106,0.00045616,11.764,15.266,15.886,17.858,21.518,25.469,29.36,33.382,43.25,2
77,81,85,88,92,95,99,104,113,0.0000099,0.00002205,0.00004728,7.32E-05,0.00010799,0.00015427,0.00029192,0.00041441,0.00059273,19.295,21.465,23.464,25.43,29.209,33.126,36.999,42.887,46.925,2
71,75,76,80,82,86,90,97,110,0.0000213,0.00005020,0.00007569,0.00010361,0.00014792,0.00021773,0.00036087,0.00051155,0.00081214,11.749,15.475,15.675,17.627,21.514,27.093,31.285,38.984,46.889,2
73,76,80,82,85,89,94,101,113,0.0000174,0.00003301,0.00005056,7.23E-05,0.00010376,0.00013223,0.00019524,0.0002875,0.00042125,11.868,15.433,17.332,19.419,19.885,21.649,25.401,29.654,39.008,2
11,22,38,87,109,125,141,157,179,0.0000054,0.00001099,0.00002086,3.77E-05,6.06E-05,8.66E-05,0.00012842,0.0001737,0.00024269,11.359,15.277,21.128,23.073,23.622,27.496,31.303,39.101,47.122,2
16,16,21,32,37,48,64,169,233,0.0000059,0.00001585,0.00004370,7.62E-05,0.00011985,0.00017198,0.0002542,0.00035132,0.00052029,15.265,17.213,17.791,19.38,21.124,21.958,24.951,29.347,31.534,2
59,65,71,75,79,83,89,97,109,0.0000071,0.00001555,0.00002823,3.78E-05,5.34E-05,7.60E-05,0.00010766,0.00014094,0.00019751,17.205,17.482,19.163,21.115,21.2,23.071,23.16,24.883,25.187,2
18,25,35,45,107,138,206,255,255,0.0000072,0.00001870,0.00003610,5.75E-05,9.60E-05,0.00013407,0.0001827,0.00025333,0.00065219,13.3,15.291,16.504,17.603,19.573,23.312,29.379,37.037,45.67,2
70,74,78,80,85,87,93,97,107,0.0000128,0.00002308,0.00004242,6.30E-05,8.24E-05,0.00010847,0.00017669,0.00025124,0.00036879,13.694,15.589,15.656,17.254,17.609,19.491,19.636,21.51,23.49,2
19,46,82,101,112,120,128,139,153,0.0000082,0.00001872,0.00003482,5.32E-05,7.77E-05,0.0001119,0.000146,0.00019221,0.00031916,9.7759,11.604,11.734,11.857,13.686,13.934,17.595,23.361,33.298,2
77,87,95,100,110,125,153,181,224,0.0000096,0.00002240,0.00004499,6.80E-05,9.22E-05,0.00013627,0.00019424,0.00035992,0.00063084,13.655,17.228,17.656,19.393,19.678,22.361,25.237,27.426,35.191,2
80,88,92,96,100,102,107,111,123,0.0000051,0.00001143,0.00001709,2.74E-05,4.34E-05,7.79E-05,0.00012336,0.00016589,0.00027355,17.293,19.441,21.516,24.492,25.52,29.28,31.306,35.208,41,2
65,68,71,74,77,80,85,89,97,0.0000163,0.00003466,0.00005288,7.68E-05,0.00010127,0.00013062,0.00017884,0.00027761,0.00043217,17.616,21.227,23.116,25.127,25.486,29.179,33.076,35.091,38.917,2
69,75,79,83,85,89,93,97,105,0.0000144,0.00002977,0.00004495,6.21E-05,8.13E-05,0.00011779,0.00016654,0.00022312,0.00029861,13.575,15.48,17.204,17.635,19.548,23.235,31.12,36.99,52.878,2
68,72,75,77,80,82,85,90,99,0.0000115,0.00002375,0.00003566,5.24E-05,6.80E-05,9.28E-05,0.00014428,0.00026799,0.00046375,9.8624,17.601,19.566,27.023,29.041,30.89,32.853,44.801,54.573,2
66,72,75,78,81,87,93,99,108,0.0000169,0.00005268,0.00009483,0.00012972,0.00021077,0.0003493,0.00052218,0.00076492,0.00098891,18.094,25.042,29.671,34.802,48.69,58.312,64.13,68.73,73.954,2
68,73,77,80,82,85,88,93,100,0.0000080,0.00001531,0.00002589,3.92E-05,4.89E-05,6.76E-05,9.67E-05,0.00013963,0.00026477,21.369,23.421,25.415,28.529,33.276,39.101,41.056,44.967,60.922,2
66,71,74,77,80,83,87,92,99,0.0000053,0.00001264,0.00002384,4.16E-05,7.00E-05,0.00011927,0.00014608,0.00022745,0.00031997,15.756,19.673,25.418,29.198,31.29,33.255,37.192,41.352,47.965,2
75,80,84,87,90,94,99,104,114,0.0000066,0.00001806,0.00003108,4.70E-05,7.32E-05,0.00010217,0.00014868,0.0002164,0.00032956,15.548,19.189,19.683,23.376,26.698,29.185,31.281,35.046,37.186,2
67,71,75,76,80,84,89,97,106,0.0000143,0.00002841,0.00004371,6.16E-05,7.32E-05,9.15E-05,0.00011286,0.0001466,0.00020117,13.388,15.263,15.65,17.252,17.68,21.351,28.162,41.131,50.748,2
81,87,91,97,100,104,110,116,126,0.0000099,0.00001629,0.00002514,4.43E-05,7.01E-05,9.73E-05,0.00013313,0.00017084,0.00030499,11.741,13.625,13.719,15.3,15.655,15.759,17.272,17.599,19.439,2
72,76,77,81,82,86,89,95,103,0.0000107,0.00002650,0.00004443,6.50E-05,9.09E-05,0.00011327,0.00014221,0.00023122,0.00045594,17.6,19.643,21.543,23.458,23.894,29.326,33.239,41.057,48.758,2
16,30,45,83,95,103,112,121,138,0.0000049,0.00001016,0.00001999,3.75E-05,6.10E-05,9.66E-05,0.00012439,0.00017486,0.00029018,13.804,17.746,19.557,20.84,21.511,23.012,25.422,29.341,35.057,2
74,78,81,82,85,88,91,94,101,0.0000078,0.00002239,0.00003784,5.01E-05,6.86E-05,0.0001043,0.00016156,0.00025973,0.00059804,15.264,16.171,19.221,21.373,23.473,25.419,27.38,33.241,35.258,2
73,77,81,85,87,91,95,101,112,0.0000164,0.00003029,0.00004780,6.46E-05,8.50E-05,0.00011071,0.00013917,0.00019939,0.00028713,13.69,15.641,17.598,21.115,23.397,25.578,30.892,33.2,40.665,2
25,35,67,90,102,115,138,182,224,0.0000042,0.00000808,0.00001608,3.24E-05,5.41E-05,8.35E-05,0.00013486,0.00025359,0.00054639,13.69,17.789,21.133,23.096,25.05,26.994,27.447,31.343,43.013,2
65,68,72,78,82,88,95,105,118,0.0000109,0.00002593,0.00004486,6.77E-05,9.31E-05,0.00013148,0.00016013,0.00025204,0.00039364,19.392,23.075,25.428,27.401,29.382,31.208,33.041,38.714,44.78,2
70,79,87,93,98,104,111,121,139,0.0000037,0.00000824,0.00001415,2.40E-05,4.15E-05,7.27E-05,9.95E-05,0.00014069,0.00038666,13.686,15.64,15.711,17.608,19.429,19.855,21.576,25.416,43.087,2
67,72,75,80,84,90,101,118,141,0.0000248,0.00004347,0.00006831,0.00010329,0.00014313,0.00019681,0.00028103,0.00037236,0.00055784,15.249,17.58,19.676,24.545,28.935,31.196,34.222,37.22,41.096,2
22,60,128,145,158,170,187,221,255,0.0000274,0.00005132,0.00007793,0.00010365,0.00013598,0.00017433,0.00024692,0.00029596,0.00051448,13.304,15.64,17.471,19.434,21.507,23.477,29.123,37.055,39.318,2
68,76,79,83,88,92,97,106,122,0.0000085,0.00002244,0.00004324,6.75E-05,0.0001092,0.00016168,0.00024523,0.00033221,0.00050876,17.234,19.348,21.171,23.157,25.257,27.353,29.796,35.212,43.008,2